Name,Provider ID,External ID,Cloud Platform,Subscription,Subscription ID,Projects,Region,Tags,Resource Type,Native Type,Last Seen
azure-webjobs-hosts,/subscriptions/fee3535b-9616-486f-a476-6a500a08a02b/resourcegroups/wiz-remediation-demo-resources/providers/microsoft.storage/storageaccounts/wizremediationdemorbuu6t/blobservices/default/containers/azure-webjobs-hosts,/subscriptions/fee3535b-9616-486f-a476-6a500a08a02b/resourcegroups/wiz-remediation-demo-resources/providers/microsoft.storage/storageaccounts/wizremediationdemorbuu6t/blobservices/default/containers/azure-webjobs-hosts,Azure,Wiz - Demo-Scenarios,fee3535b-9616-486f-a476-6a500a08a02b,"ACME corp,Acme,Acme Azure App,App A,Azure: Wiz-Demo-Scenarios,EBC_Labs,Payment Apps,Wiz Factory Prod,Wiz Inc,Wiz Prod",northeurope,"{""wiz-remediation-demo"": ""true""}",BUCKET,Microsoft.Storage/storageAccounts/blobServices/containers,2024-10-30T19:49:03Z
wiz-demo-auto-remidation-without-logging-and-versioning,arn:aws:s3:::wiz-demo-auto-remidation-without-logging-and-versioning,wiz-demo-auto-remidation-without-logging-and-versioning,AWS,AWS Demo1,984186218765,"ACME corp,AWS demo,Acme,Acme AWS App,Acme Prod App,EBC_Labs",us-east-1,{},BUCKET,bucket,2024-10-30T18:30:40Z
test-bucket-michae-germany,ocid1.bucket.oc1.eu-frankfurt-1.aaaaaaaaeobnfiyql3kwj3pwnobacwolvo4jkaaxdepkuia3f6txbezyhdbq,ocid1.bucket.oc1.eu-frankfurt-1.aaaaaaaaeobnfiyql3kwj3pwnobacwolvo4jkaaxdepkuia3f6txbezyhdbq,OCI,aminov,ocid1.compartment.oc1..aaaaaaaakdwckvimekkhloq5sohoupn2gjv46ipxyjui4flr4smfjwfyrp6q,"Acme,Acme Oracle App,OCI demo",eu-frankfurt-1,"{""Oracle-Tags.CreatedBy"": ""okta/michael.aminov@wiz.io"", ""Oracle-Tags.CreatedOn"": ""2024-05-29T13:05:01.822Z""}",BUCKET,oci#objectStorageBucket,2024-10-30T19:04:09Z
cf-templates-ms8zfpb3xoa0-eu-west-2,arn:aws:s3:::cf-templates-ms8zfpb3xoa0-eu-west-2,cf-templates-ms8zfpb3xoa0-eu-west-2,AWS,AWS Demo Scenarios 2,001791986277,"AWS demo,Acme,Acme AWS App,EBC_Labs,Wiz Dev,Wiz Factory Dev,Wiz Inc",eu-west-2,{},BUCKET,bucket,2024-10-30T20:05:13Z
elad-best-bucket,ocid1.bucket.oc1.iad.aaaaaaaad2waev3cf22cebfqx2bn5x4xdipr7372etyfcgsekpogn4uhpkta,ocid1.bucket.oc1.iad.aaaaaaaad2waev3cf22cebfqx2bn5x4xdipr7372etyfcgsekpogn4uhpkta,OCI,playgroundwiz,ocid1.tenancy.oc1..aaaaaaaagigkayqhmlcvctybckug2tjwur5y64prmbvpdzsnwxjqu6noxm2a,"Acme,Acme Oracle App,OCI demo,Wiz Factory Prod,Wiz Inc,Wiz Prod",us-ashburn-1,"{""test-elad.owner"": ""2"", ""test-elad.owner2"": ""asd"", ""Oracle-Tags.CreatedBy"": ""elad.gabay@wiz.io"", ""Oracle-Tags.CreatedOn"": ""2021-11-25T07:42:30.477Z""}",BUCKET,oci#objectStorageBucket,2024-10-30T19:04:07Z
artifacts.centered-kiln-290213.appspot.com,https://www.googleapis.com/storage/v1/b/artifacts.centered-kiln-290213.appspot.com,gs://artifacts.centered-kiln-290213.appspot.com,GCP,demo-project,centered-kiln-290213,"App A,GCP Subscription Project ,Google Workspace _GCP Org Demo",us,{},BUCKET,storage#bucket,2024-10-30T19:29:23Z
alonbedrockdatabucket,arn:aws:s3:::alonbedrockdatabucket,alonbedrockdatabucket,AWS,AWS Demo1,984186218765,"ACME corp,AWS demo,Acme,Acme AWS App,Acme Prod App,EBC_Labs",us-east-1,"{""Classification"": ""Confidential""}",BUCKET,bucket,2024-10-30T18:30:35Z
moran-not-public-acme-prod,https://www.googleapis.com/storage/v1/b/moran-not-public-acme-prod,gs://moran-not-public-acme-prod,GCP,ACME-PROD-ENV,acme-prod-env,"ACME corp,Acme,Acme GCP App,App A,EBC_Labs,GCP Demo,GCP Subscription Project ,Google Workspace _GCP Org Demo,Wiz Factory Prod,Wiz Inc,Wiz Prod",us,{},BUCKET,storage#bucket,2024-10-30T19:25:40Z
wiz-outpost-oron-test-3-bucket,ocid1.bucket.oc1.iad.aaaaaaaaqfqlp6pplvgpmvhvo4h2dlmlenktllcbzjwrfmehpjdw6au6zzrq,ocid1.bucket.oc1.iad.aaaaaaaaqfqlp6pplvgpmvhvo4h2dlmlenktllcbzjwrfmehpjdw6au6zzrq,OCI,wiz-outpost-oron-test-3,ocid1.compartment.oc1..aaaaaaaa2djcdrpqbi7bmp7jhiy2vmegjmkdaokslrk25orjz77ueeccps7a,"Acme,Acme Oracle App,OCI demo",us-ashburn-1,"{""Oracle-Tags.CreatedBy"": ""okta/oron.noah@wiz.io"", ""Oracle-Tags.CreatedOn"": ""2022-06-26T18:19:38.083Z""}",BUCKET,oci#objectStorageBucket,2024-10-30T19:03:17Z
azure-webjobs-hosts,/subscriptions/fee3535b-9616-486f-a476-6a500a08a02b/resourcegroups/us2eastrg/providers/microsoft.storage/storageaccounts/storageaccountus2eab2da/blobservices/default/containers/azure-webjobs-hosts,/subscriptions/fee3535b-9616-486f-a476-6a500a08a02b/resourcegroups/us2eastrg/providers/microsoft.storage/storageaccounts/storageaccountus2eab2da/blobservices/default/containers/azure-webjobs-hosts,Azure,Wiz - Demo-Scenarios,fee3535b-9616-486f-a476-6a500a08a02b,"ACME corp,Acme,Acme Azure App,App A,Azure: Wiz-Demo-Scenarios,EBC_Labs,Payment Apps,Wiz Factory Prod,Wiz Inc,Wiz Prod",eastus2,{},BUCKET,Microsoft.Storage/storageAccounts/blobServices/containers,2024-10-30T19:48:55Z
aws-cloudtrail-logs-001791986277-ffb9b321,arn:aws:s3:::aws-cloudtrail-logs-001791986277-ffb9b321,aws-cloudtrail-logs-001791986277-ffb9b321,AWS,AWS Demo Scenarios 2,001791986277,"AWS demo,Acme,Acme AWS App,EBC_Labs,Wiz Dev,Wiz Factory Dev,Wiz Inc",eu-central-1,{},BUCKET,bucket,2024-10-30T20:05:13Z
scm-releases,/subscriptions/fee3535b-9616-486f-a476-6a500a08a02b/resourcegroups/wiz-remediation-demo-resources/providers/microsoft.storage/storageaccounts/wizremediationdemorbuu6t/blobservices/default/containers/scm-releases,/subscriptions/fee3535b-9616-486f-a476-6a500a08a02b/resourcegroups/wiz-remediation-demo-resources/providers/microsoft.storage/storageaccounts/wizremediationdemorbuu6t/blobservices/default/containers/scm-releases,Azure,Wiz - Demo-Scenarios,fee3535b-9616-486f-a476-6a500a08a02b,"ACME corp,Acme,Acme Azure App,App A,Azure: Wiz-Demo-Scenarios,EBC_Labs,Payment Apps,Wiz Factory Prod,Wiz Inc,Wiz Prod",northeurope,"{""wiz-remediation-demo"": ""true""}",BUCKET,Microsoft.Storage/storageAccounts/blobServices/containers,2024-10-30T19:49:03Z
wiz-demo-atlantis-aws,arn:aws:s3:::wiz-demo-atlantis-aws,wiz-demo-atlantis-aws,AWS,AWS Demo1,984186218765,"ACME corp,AWS demo,Acme,Acme AWS App,Acme Prod App,EBC_Labs",us-east-2,"{""Name"": ""wiz-demo-atlantis-aws"", ""Environment"": ""atlantis""}",BUCKET,bucket,2024-10-30T18:30:40Z
sync-bucket-test-source,arn:aws:s3:::sync-bucket-test-source,sync-bucket-test-source,AWS,AWS Demo1,984186218765,"ACME corp,AWS demo,Acme,Acme AWS App,Acme Prod App,EBC_Labs",us-east-1,"{""Classification"": ""Confidential""}",BUCKET,bucket,2024-10-30T18:30:39Z
aws-cloudtrail-logs-984186218765-38399f14,arn:aws:s3:::aws-cloudtrail-logs-984186218765-38399f14,aws-cloudtrail-logs-984186218765-38399f14,AWS,AWS Demo1,984186218765,"ACME corp,AWS demo,Acme,Acme AWS App,Acme Prod App,EBC_Labs",eu-central-1,{},BUCKET,bucket,2024-10-30T18:30:35Z
wiz-aws-demo-account-terraform-state,arn:aws:s3:::wiz-aws-demo-account-terraform-state,wiz-aws-demo-account-terraform-state,AWS,AWS Demo1,984186218765,"ACME corp,AWS demo,Acme,Acme AWS App,Acme Prod App,EBC_Labs",us-east-1,{},BUCKET,bucket,2024-10-30T18:30:40Z
wiz-infrahq,arn:aws:s3:::wiz-infrahq,wiz-infrahq,AWS,AWS Demo1,984186218765,"ACME corp,AWS demo,Acme,Acme AWS App,Acme Prod App,EBC_Labs",us-east-2,{},BUCKET,bucket,2024-10-30T18:30:41Z
acme-prod-env_cloudbuild,https://www.googleapis.com/storage/v1/b/acme-prod-env_cloudbuild,gs://acme-prod-env_cloudbuild,GCP,ACME-PROD-ENV,acme-prod-env,"ACME corp,Acme,Acme GCP App,App A,EBC_Labs,GCP Demo,GCP Subscription Project ,Google Workspace _GCP Org Demo,Wiz Factory Prod,Wiz Inc,Wiz Prod",us,{},BUCKET,storage#bucket,2024-10-30T19:25:39Z
guy1233,/subscriptions/fee3535b-9616-486f-a476-6a500a08a02b/resourcegroups/creds-internal-storage/providers/microsoft.storage/storageaccounts/credsaccount/blobservices/default/containers/guy1233,/subscriptions/fee3535b-9616-486f-a476-6a500a08a02b/resourcegroups/creds-internal-storage/providers/microsoft.storage/storageaccounts/credsaccount/blobservices/default/containers/guy1233,Azure,Wiz - Demo-Scenarios,fee3535b-9616-486f-a476-6a500a08a02b,"ACME corp,Acme,Acme Azure App,App A,Azure: Wiz-Demo-Scenarios,EBC_Labs,Payment Apps,Wiz Factory Prod,Wiz Inc,Wiz Prod",westeurope,{},BUCKET,Microsoft.Storage/storageAccounts/blobServices/containers,2024-10-30T19:48:54Z
cf-templates-1n9jxzo36futl-us-east-1,arn:aws:s3:::cf-templates-1n9jxzo36futl-us-east-1,cf-templates-1n9jxzo36futl-us-east-1,AWS,AWS Demo1,984186218765,"ACME corp,AWS demo,Acme,Acme AWS App,Acme Prod App,EBC_Labs",us-east-1,{},BUCKET,bucket,2024-10-30T18:30:37Z
aws-cloudtrail-logs-984186218765-02dafdd0,arn:aws:s3:::aws-cloudtrail-logs-984186218765-02dafdd0,aws-cloudtrail-logs-984186218765-02dafdd0,AWS,AWS Demo1,984186218765,"ACME corp,AWS demo,Acme,Acme AWS App,Acme Prod App,EBC_Labs",us-east-2,"{""wizRemediationLastUpdatedUTC"": ""18/08/2024 09:36:28 UTC""}",BUCKET,bucket,2024-10-30T18:30:35Z
insights-metrics-pt1m,/subscriptions/fee3535b-9616-486f-a476-6a500a08a02b/resourcegroups/defaultresourcegroup-eus/providers/microsoft.storage/storageaccounts/testmattan1/blobservices/default/containers/insights-metrics-pt1m,/subscriptions/fee3535b-9616-486f-a476-6a500a08a02b/resourcegroups/defaultresourcegroup-eus/providers/microsoft.storage/storageaccounts/testmattan1/blobservices/default/containers/insights-metrics-pt1m,Azure,Wiz - Demo-Scenarios,fee3535b-9616-486f-a476-6a500a08a02b,"ACME corp,Acme,Acme Azure App,App A,Azure: Wiz-Demo-Scenarios,EBC_Labs,Payment Apps,Wiz Factory Prod,Wiz Inc,Wiz Prod",eastus,{},BUCKET,Microsoft.Storage/storageAccounts/blobServices/containers,2024-10-30T19:48:45Z
aminov-glue-scripts,arn:aws:s3:::aminov-glue-scripts,aminov-glue-scripts,AWS,AWS Demo1,984186218765,"ACME corp,AWS demo,Acme,Acme AWS App,Acme Prod App,EBC_Labs",us-east-2,{},BUCKET,bucket,2024-10-30T18:30:35Z
creditinfo,/subscriptions/fee3535b-9616-486f-a476-6a500a08a02b/resourcegroups/newpaymentapp/providers/microsoft.storage/storageaccounts/paymentinfo/blobservices/default/containers/creditinfo,/subscriptions/fee3535b-9616-486f-a476-6a500a08a02b/resourcegroups/newpaymentapp/providers/microsoft.storage/storageaccounts/paymentinfo/blobservices/default/containers/creditinfo,Azure,Wiz - Demo-Scenarios,fee3535b-9616-486f-a476-6a500a08a02b,"ACME corp,Acme,Acme Azure App,App A,Azure: Wiz-Demo-Scenarios,EBC_Labs,Payment Apps,Wiz Factory Prod,Wiz Inc,Wiz Prod",canadacentral,"{""itayTest"": """"}",BUCKET,Microsoft.Storage/storageAccounts/blobServices/containers,2024-10-30T19:49:08Z
test_acl_george2,https://www.googleapis.com/storage/v1/b/test_acl_george2,gs://test_acl_george2,GCP,ACME-PROD-ENV,acme-prod-env,"ACME corp,Acme,Acme GCP App,App A,EBC_Labs,GCP Demo,GCP Subscription Project ,Google Workspace _GCP Org Demo,Wiz Factory Prod,Wiz Inc,Wiz Prod",us,{},BUCKET,storage#bucket,2024-10-30T19:25:41Z
wiz-outpost-oron-v2-bucket,ocid1.bucket.oc1.iad.aaaaaaaagpn2a6ja5htfgnujudqwqhnv7rebi5k5ot4sl6tbbiehttghji5q,ocid1.bucket.oc1.iad.aaaaaaaagpn2a6ja5htfgnujudqwqhnv7rebi5k5ot4sl6tbbiehttghji5q,OCI,wiz-outpost-oron-v2,ocid1.compartment.oc1..aaaaaaaaywfdxfz5xhjfcy6tahdsfhsdjrd4ltk6erlvzfoyaekhc3bn7dsq,"Acme,Acme Oracle App,OCI demo",us-ashburn-1,"{""Oracle-Tags.CreatedBy"": ""okta/oron.noah@wiz.io"", ""Oracle-Tags.CreatedOn"": ""2022-05-01T20:56:53.492Z""}",BUCKET,oci#objectStorageBucket,2024-10-30T19:03:21Z
testmattan,/subscriptions/fee3535b-9616-486f-a476-6a500a08a02b/resourcegroups/aksenvgroup/providers/microsoft.storage/storageaccounts/testmattan11/blobservices/default/containers/testmattan,/subscriptions/fee3535b-9616-486f-a476-6a500a08a02b/resourcegroups/aksenvgroup/providers/microsoft.storage/storageaccounts/testmattan11/blobservices/default/containers/testmattan,Azure,Wiz - Demo-Scenarios,fee3535b-9616-486f-a476-6a500a08a02b,"ACME corp,Acme,Acme Azure App,App A,Azure: Wiz-Demo-Scenarios,EBC_Labs,Payment Apps,Wiz Factory Prod,Wiz Inc,Wiz Prod",eastus,{},BUCKET,Microsoft.Storage/storageAccounts/blobServices/containers,2024-10-30T19:48:42Z
gblob,/subscriptions/fee3535b-9616-486f-a476-6a500a08a02b/resourcegroups/creds-internal-storage/providers/microsoft.storage/storageaccounts/credsaccount/blobservices/default/containers/gblob,/subscriptions/fee3535b-9616-486f-a476-6a500a08a02b/resourcegroups/creds-internal-storage/providers/microsoft.storage/storageaccounts/credsaccount/blobservices/default/containers/gblob,Azure,Wiz - Demo-Scenarios,fee3535b-9616-486f-a476-6a500a08a02b,"ACME corp,Acme,Acme Azure App,App A,Azure: Wiz-Demo-Scenarios,EBC_Labs,Payment Apps,Wiz Factory Prod,Wiz Inc,Wiz Prod",westeurope,{},BUCKET,Microsoft.Storage/storageAccounts/blobServices/containers,2024-10-30T19:48:54Z
frompodimds4,arn:aws:s3:::frompodimds4,frompodimds4,AWS,AWS Demo1,984186218765,"ACME corp,AWS demo,Acme,Acme AWS App,Acme Prod App,EBC_Labs",us-east-1,"{""wizRemediationLastUpdatedUTC"": ""06/08/2024 14:18:51 UTC""}",BUCKET,bucket,2024-10-30T18:30:38Z
sagemaker-us-west-2-984186218765,arn:aws:s3:::sagemaker-us-west-2-984186218765,sagemaker-us-west-2-984186218765,AWS,AWS Demo1,984186218765,"ACME corp,AWS demo,Acme,Acme AWS App,Acme Prod App,EBC_Labs",us-west-2,{},BUCKET,bucket,2024-10-30T18:30:40Z
sagemaker-studio-984186218765-41i8zsnzwss,arn:aws:s3:::sagemaker-studio-984186218765-41i8zsnzwss,sagemaker-studio-984186218765-41i8zsnzwss,AWS,AWS Demo1,984186218765,"ACME corp,AWS demo,Acme,Acme AWS App,Acme Prod App,EBC_Labs",us-east-1,{},BUCKET,bucket,2024-10-30T18:30:39Z
acme-prod-env.appspot.com,https://www.googleapis.com/storage/v1/b/acme-prod-env.appspot.com,gs://acme-prod-env.appspot.com,GCP,ACME-PROD-ENV,acme-prod-env,"ACME corp,Acme,Acme GCP App,App A,EBC_Labs,GCP Demo,GCP Subscription Project ,Google Workspace _GCP Org Demo,Wiz Factory Prod,Wiz Inc,Wiz Prod",eu,{},BUCKET,storage#bucket,2024-10-30T19:25:38Z
frompodimds2,arn:aws:s3:::frompodimds2,frompodimds2,AWS,AWS Demo1,984186218765,"ACME corp,AWS demo,Acme,Acme AWS App,Acme Prod App,EBC_Labs",us-east-1,"{""wizRemediationLastUpdatedUTC"": ""29/05/2024 10:19:16 UTC""}",BUCKET,bucket,2024-10-30T18:30:38Z
insights-logs-agenthealthstatus,/subscriptions/fee3535b-9616-486f-a476-6a500a08a02b/resourcegroups/aksenvgroup/providers/microsoft.storage/storageaccounts/testmattan11/blobservices/default/containers/insights-logs-agenthealthstatus,/subscriptions/fee3535b-9616-486f-a476-6a500a08a02b/resourcegroups/aksenvgroup/providers/microsoft.storage/storageaccounts/testmattan11/blobservices/default/containers/insights-logs-agenthealthstatus,Azure,Wiz - Demo-Scenarios,fee3535b-9616-486f-a476-6a500a08a02b,"ACME corp,Acme,Acme Azure App,App A,Azure: Wiz-Demo-Scenarios,EBC_Labs,Payment Apps,Wiz Factory Prod,Wiz Inc,Wiz Prod",eastus,{},BUCKET,Microsoft.Storage/storageAccounts/blobServices/containers,2024-10-30T19:48:42Z
bucket-20240522-1301,ocid1.bucket.oc1.iad.aaaaaaaa6kfjq77zzcjygdqpogolxesof6uahrcni3aitom25anx2ipumiqa,ocid1.bucket.oc1.iad.aaaaaaaa6kfjq77zzcjygdqpogolxesof6uahrcni3aitom25anx2ipumiqa,OCI,aminov,ocid1.compartment.oc1..aaaaaaaakdwckvimekkhloq5sohoupn2gjv46ipxyjui4flr4smfjwfyrp6q,"Acme,Acme Oracle App,OCI demo",us-ashburn-1,"{""Oracle-Tags.CreatedBy"": ""okta/michael.aminov@wiz.io"", ""Oracle-Tags.CreatedOn"": ""2024-05-22T10:01:27.518Z""}",BUCKET,oci#objectStorageBucket,2024-10-30T19:04:09Z
licht-bucket2-frankfurt,ocid1.bucket.oc1.eu-frankfurt-1.aaaaaaaayzryp3zm2hxdqmj62okoazotsyq4zf4ghfblr2cizijaftncklca,ocid1.bucket.oc1.eu-frankfurt-1.aaaaaaaayzryp3zm2hxdqmj62okoazotsyq4zf4ghfblr2cizijaftncklca,OCI,licht-comp,ocid1.compartment.oc1..aaaaaaaacwntaxqnmuvmguezefjywdsltejxvgb3gv6aqlrwuipvo7uhcggq,"Acme,Acme Oracle App,OCI demo",eu-frankfurt-1,"{""Oracle-Tags.CreatedBy"": ""okta/tal@wiz.io"", ""Oracle-Tags.CreatedOn"": ""2024-04-18T15:43:55.732Z""}",BUCKET,oci#objectStorageBucket,2024-10-30T19:03:12Z
sagemaker-studio-984186218765-s4hb2aqls,arn:aws:s3:::sagemaker-studio-984186218765-s4hb2aqls,sagemaker-studio-984186218765-s4hb2aqls,AWS,AWS Demo1,984186218765,"ACME corp,AWS demo,Acme,Acme AWS App,Acme Prod App,EBC_Labs",us-east-1,"{""wizRemediationLastUpdatedUTC"": ""27/05/2024 08:07:20 UTC""}",BUCKET,bucket,2024-10-30T18:30:39Z
eu.artifacts.acme-prod-env.appspot.com,https://www.googleapis.com/storage/v1/b/eu.artifacts.acme-prod-env.appspot.com,gs://eu.artifacts.acme-prod-env.appspot.com,GCP,ACME-PROD-ENV,acme-prod-env,"ACME corp,Acme,Acme GCP App,App A,EBC_Labs,GCP Demo,GCP Subscription Project ,Google Workspace _GCP Org Demo,Wiz Factory Prod,Wiz Inc,Wiz Prod",eu,{},BUCKET,storage#bucket,2024-10-30T19:25:39Z
wiz-outpost-bucket,ocid1.bucket.oc1.iad.aaaaaaaazlcmvo6q2opcfyuwnncjfbuhjb3w4zjrbiwrdhfeovidtcxviyza,ocid1.bucket.oc1.iad.aaaaaaaazlcmvo6q2opcfyuwnncjfbuhjb3w4zjrbiwrdhfeovidtcxviyza,OCI,wiz-outpost,ocid1.compartment.oc1..aaaaaaaanjuumnnjqjtb33qzwtoor3of6pxpsqids4ohvev4wzcgcontoyha,"Acme,Acme Oracle App,OCI demo",us-ashburn-1,"{""Oracle-Tags.CreatedBy"": ""okta/tomer.sabag@wiz.io"", ""Oracle-Tags.CreatedOn"": ""2022-08-08T15:09:06.678Z""}",BUCKET,oci#objectStorageBucket,2024-10-30T19:04:21Z
goehring-wiz-outpost-bucket,ocid1.bucket.oc1.iad.aaaaaaaaxgt6pihgjndx57gbxhi3vw7stw6qwgsvnmghjdbyimoezg2mlwha,ocid1.bucket.oc1.iad.aaaaaaaaxgt6pihgjndx57gbxhi3vw7stw6qwgsvnmghjdbyimoezg2mlwha,OCI,goehring-wiz-outpost,ocid1.compartment.oc1..aaaaaaaag56zdzgmck2uqn24f45yyc3wppzj6pmb7icq4xqkltbhk4x4jlja,"Acme,Acme Oracle App",us-ashburn-1,"{""Oracle-Tags.CreatedBy"": ""okta/chris.goehring@wiz.io"", ""Oracle-Tags.CreatedOn"": ""2024-07-12T16:03:16.144Z""}",BUCKET,oci#objectStorageBucket,2024-10-30T19:04:10Z
wiz-attack-simulation-bucket-560579d9,arn:aws:s3:::wiz-attack-simulation-bucket-560579d9,wiz-attack-simulation-bucket-560579d9,AWS,AWS Demo1,984186218765,"ACME corp,AWS demo,Acme,Acme AWS App,Acme Prod App,EBC_Labs",eu-central-1,"{""wizRemediationLastUpdatedUTC"": ""06/06/2024 05:56:07 UTC""}",BUCKET,bucket,2024-10-30T18:30:39Z
insights-logs-auditevent,/subscriptions/fee3535b-9616-486f-a476-6a500a08a02b/resourcegroups/defaultresourcegroup-eus/providers/microsoft.storage/storageaccounts/testmattan1/blobservices/default/containers/insights-logs-auditevent,/subscriptions/fee3535b-9616-486f-a476-6a500a08a02b/resourcegroups/defaultresourcegroup-eus/providers/microsoft.storage/storageaccounts/testmattan1/blobservices/default/containers/insights-logs-auditevent,Azure,Wiz - Demo-Scenarios,fee3535b-9616-486f-a476-6a500a08a02b,"ACME corp,Acme,Acme Azure App,App A,Azure: Wiz-Demo-Scenarios,EBC_Labs,Payment Apps,Wiz Factory Prod,Wiz Inc,Wiz Prod",eastus,{},BUCKET,Microsoft.Storage/storageAccounts/blobServices/containers,2024-10-30T19:48:45Z
s3accesslogs-984186218765-eu-central-1,arn:aws:s3:::s3accesslogs-984186218765-eu-central-1,s3accesslogs-984186218765-eu-central-1,AWS,AWS Demo1,984186218765,"ACME corp,AWS demo,Acme,Acme AWS App,Acme Prod App,EBC_Labs",eu-central-1,{},BUCKET,bucket,2024-10-30T18:30:38Z
s3-for-ai-training-test,arn:aws:s3:::s3-for-ai-training-test,s3-for-ai-training-test,AWS,AWS Demo1,984186218765,"ACME corp,AWS demo,Acme,Acme AWS App,Acme Prod App,EBC_Labs",us-east-1,"{""wizRemediationLastUpdatedUTC"": ""06/06/2024 22:51:23 UTC""}",BUCKET,bucket,2024-10-30T18:30:39Z
elasticbeanstalk-eu-central-1-984186218765,arn:aws:s3:::elasticbeanstalk-eu-central-1-984186218765,elasticbeanstalk-eu-central-1-984186218765,AWS,AWS Demo1,984186218765,"ACME corp,AWS demo,Acme,Acme AWS App,Acme Prod App,EBC_Labs",eu-central-1,{},BUCKET,bucket,2024-10-30T18:30:36Z
demo-hdinsight-cluster-2024-03-27t13-22-50-860z,/subscriptions/fee3535b-9616-486f-a476-6a500a08a02b/resourcegroups/demo/providers/microsoft.storage/storageaccounts/demohdinsightstorageacc/blobservices/default/containers/demo-hdinsight-cluster-2024-03-27t13-22-50-860z,/subscriptions/fee3535b-9616-486f-a476-6a500a08a02b/resourcegroups/demo/providers/microsoft.storage/storageaccounts/demohdinsightstorageacc/blobservices/default/containers/demo-hdinsight-cluster-2024-03-27t13-22-50-860z,Azure,Wiz - Demo-Scenarios,fee3535b-9616-486f-a476-6a500a08a02b,"ACME corp,Acme,Acme Azure App,App A,Azure: Wiz-Demo-Scenarios,EBC_Labs,Payment Apps,Wiz Factory Prod,Wiz Inc,Wiz Prod",eastus,{},BUCKET,Microsoft.Storage/storageAccounts/blobServices/containers,2024-10-30T19:48:35Z
creds-storage-internal,arn:aws:s3:::creds-storage-internal,creds-storage-internal,AWS,AWS Demo1,984186218765,"ACME corp,AWS demo,Acme,Acme AWS App,Acme Prod App,EBC_Labs",eu-central-1,"{""Sensitive_Data"": ""True""}",BUCKET,bucket,2024-10-30T18:30:36Z
custom-functions,/subscriptions/fee3535b-9616-486f-a476-6a500a08a02b/resourcegroups/wiz-y1wmsccq/providers/microsoft.storage/storageaccounts/wizy1wmsccqstorage/blobservices/default/containers/custom-functions,/subscriptions/fee3535b-9616-486f-a476-6a500a08a02b/resourcegroups/wiz-y1wmsccq/providers/microsoft.storage/storageaccounts/wizy1wmsccqstorage/blobservices/default/containers/custom-functions,Azure,Wiz - Demo-Scenarios,fee3535b-9616-486f-a476-6a500a08a02b,"ACME corp,Acme,Acme Azure App,App A,Azure: Wiz-Demo-Scenarios,EBC_Labs,Payment Apps,Wiz Factory Prod,Wiz Inc,Wiz Prod",eastus,"{""wiz-remediation"": ""ee923669-dba0-4159-a7dd-ef27f849c851""}",BUCKET,Microsoft.Storage/storageAccounts/blobServices/containers,2024-10-30T19:48:48Z
credit-num,arn:aws:s3:::credit-num,credit-num,AWS,AWS Demo Scenarios 2,001791986277,"AWS demo,Acme,Acme AWS App,EBC_Labs,Wiz Dev,Wiz Factory Dev,Wiz Inc",us-west-1,{},BUCKET,bucket,2024-10-30T20:05:15Z
nsn-table,arn:aws:s3:::nsn-table,nsn-table,AWS,AWS Demo Scenarios 2,001791986277,"AWS demo,Acme,Acme AWS App,EBC_Labs,Wiz Dev,Wiz Factory Dev,Wiz Inc",us-west-1,"{""itayTest"": """"}",BUCKET,bucket,2024-10-30T20:05:16Z
staging.acme-prod-env.appspot.com,https://www.googleapis.com/storage/v1/b/staging.acme-prod-env.appspot.com,gs://staging.acme-prod-env.appspot.com,GCP,ACME-PROD-ENV,acme-prod-env,"ACME corp,Acme,Acme GCP App,App A,EBC_Labs,GCP Demo,GCP Subscription Project ,Google Workspace _GCP Org Demo,Wiz Factory Prod,Wiz Inc,Wiz Prod",eu,{},BUCKET,storage#bucket,2024-10-30T19:25:41Z
wiz-outpost-yaniv-bucket,ocid1.bucket.oc1.iad.aaaaaaaag37vlek4622drquv6ymcysi5ugonqrgchvms7t6t2txvqqxb3jma,ocid1.bucket.oc1.iad.aaaaaaaag37vlek4622drquv6ymcysi5ugonqrgchvms7t6t2txvqqxb3jma,OCI,wiz-outpost-yaniv,ocid1.compartment.oc1..aaaaaaaaxtbbpxiudzvbkbbgrm3rqypblvzqsnkalglvr46cmfx5dzr5nkpq,"Acme,Acme Oracle App,OCI demo",us-ashburn-1,"{""Oracle-Tags.CreatedBy"": ""okta/yaniv.fatal@wiz.io"", ""Oracle-Tags.CreatedOn"": ""2022-09-18T08:13:16.905Z""}",BUCKET,oci#objectStorageBucket,2024-10-30T19:03:19Z
cluster-krqsv-image-registry-bkooicdvngapmbdydynogpxykuuncqujl,/subscriptions/fee3535b-9616-486f-a476-6a500a08a02b/resourcegroups/aro-b6ppqb26/providers/microsoft.storage/storageaccounts/imageregistryclusteslzwc/blobservices/default/containers/cluster-krqsv-image-registry-bkooicdvngapmbdydynogpxykuuncqujl,/subscriptions/fee3535b-9616-486f-a476-6a500a08a02b/resourcegroups/aro-b6ppqb26/providers/microsoft.storage/storageaccounts/imageregistryclusteslzwc/blobservices/default/containers/cluster-krqsv-image-registry-bkooicdvngapmbdydynogpxykuuncqujl,Azure,Wiz - Demo-Scenarios,fee3535b-9616-486f-a476-6a500a08a02b,"ACME corp,Acme,Acme Azure App,App A,Azure: Wiz-Demo-Scenarios,EBC_Labs,Payment Apps,Wiz Factory Prod,Wiz Inc,Wiz Prod",westeurope,{},BUCKET,Microsoft.Storage/storageAccounts/blobServices/containers,2024-10-30T19:48:57Z
insights-logs-hostregistration,/subscriptions/fee3535b-9616-486f-a476-6a500a08a02b/resourcegroups/aksenvgroup/providers/microsoft.storage/storageaccounts/testmattan11/blobservices/default/containers/insights-logs-hostregistration,/subscriptions/fee3535b-9616-486f-a476-6a500a08a02b/resourcegroups/aksenvgroup/providers/microsoft.storage/storageaccounts/testmattan11/blobservices/default/containers/insights-logs-hostregistration,Azure,Wiz - Demo-Scenarios,fee3535b-9616-486f-a476-6a500a08a02b,"ACME corp,Acme,Acme Azure App,App A,Azure: Wiz-Demo-Scenarios,EBC_Labs,Payment Apps,Wiz Factory Prod,Wiz Inc,Wiz Prod",eastus,{},BUCKET,Microsoft.Storage/storageAccounts/blobServices/containers,2024-10-30T19:48:42Z
cloud-ai-platform-4873c122-2cc6-472f-b807-ec2bf2e637c5,https://www.googleapis.com/storage/v1/b/cloud-ai-platform-4873c122-2cc6-472f-b807-ec2bf2e637c5,gs://cloud-ai-platform-4873c122-2cc6-472f-b807-ec2bf2e637c5,GCP,ACME-PROD-ENV,acme-prod-env,"ACME corp,Acme,Acme GCP App,App A,EBC_Labs,GCP Demo,GCP Subscription Project ,Google Workspace _GCP Org Demo,Wiz Factory Prod,Wiz Inc,Wiz Prod",us-central1,{},BUCKET,storage#bucket,2024-10-30T19:25:39Z
wiz-demo-atlantis-jeff,https://www.googleapis.com/storage/v1/b/wiz-demo-atlantis-jeff,gs://wiz-demo-atlantis-jeff,GCP,ACME-PROD-ENV,acme-prod-env,"ACME corp,Acme,Acme GCP App,App A,EBC_Labs,GCP Demo,GCP Subscription Project ,Google Workspace _GCP Org Demo,Wiz Factory Prod,Wiz Inc,Wiz Prod",us,{},BUCKET,storage#bucket,2024-10-30T19:25:43Z
testbucket6y7u8iazsx,arn:aws:s3:::testbucket6y7u8iazsx,testbucket6y7u8iazsx,AWS,AWS Demo1,984186218765,"ACME corp,AWS demo,Acme,Acme AWS App,Acme Prod App,EBC_Labs",us-west-2,{},BUCKET,bucket,2024-10-30T18:30:41Z
cf-templates-ms8zfpb3xoa00-eu-west-2,arn:aws:s3:::cf-templates-ms8zfpb3xoa00-eu-west-2,cf-templates-ms8zfpb3xoa00-eu-west-2,AWS,AWS Demo Scenarios 2,001791986277,"AWS demo,Acme,Acme AWS App,EBC_Labs,Wiz Dev,Wiz Factory Dev,Wiz Inc",eu-west-2,{},BUCKET,bucket,2024-10-30T20:05:13Z
frompodirsa5,arn:aws:s3:::frompodirsa5,frompodirsa5,AWS,AWS Demo1,984186218765,"ACME corp,AWS demo,Acme,Acme AWS App,Acme Prod App,EBC_Labs",us-east-1,{},BUCKET,bucket,2024-10-30T18:30:38Z
credsinternalcontainer,/subscriptions/fee3535b-9616-486f-a476-6a500a08a02b/resourcegroups/creds-internal-storage/providers/microsoft.storage/storageaccounts/credsaccount/blobservices/default/containers/credsinternalcontainer,/subscriptions/fee3535b-9616-486f-a476-6a500a08a02b/resourcegroups/creds-internal-storage/providers/microsoft.storage/storageaccounts/credsaccount/blobservices/default/containers/credsinternalcontainer,Azure,Wiz - Demo-Scenarios,fee3535b-9616-486f-a476-6a500a08a02b,"ACME corp,Acme,Acme Azure App,App A,Azure: Wiz-Demo-Scenarios,EBC_Labs,Payment Apps,Wiz Factory Prod,Wiz Inc,Wiz Prod",westeurope,{},BUCKET,Microsoft.Storage/storageAccounts/blobServices/containers,2024-10-30T19:48:54Z
sagemaker-studio-984186218765-5wjpw4w48q2,arn:aws:s3:::sagemaker-studio-984186218765-5wjpw4w48q2,sagemaker-studio-984186218765-5wjpw4w48q2,AWS,AWS Demo1,984186218765,"ACME corp,AWS demo,Acme,Acme AWS App,Acme Prod App,EBC_Labs",us-west-2,"{""wizRemediationLastUpdatedUTC"": ""29/05/2024 10:17:35 UTC""}",BUCKET,bucket,2024-10-30T18:30:40Z
frank,ocid1.bucket.oc1.eu-frankfurt-1.aaaaaaaahdjg3bw63qew4h75igii72ziwoxdtikvibbnfjnfq3lwa332e2wq,ocid1.bucket.oc1.eu-frankfurt-1.aaaaaaaahdjg3bw63qew4h75igii72ziwoxdtikvibbnfjnfq3lwa332e2wq,OCI,playgroundwiz,ocid1.tenancy.oc1..aaaaaaaagigkayqhmlcvctybckug2tjwur5y64prmbvpdzsnwxjqu6noxm2a,"Acme,Acme Oracle App,OCI demo,Wiz Factory Prod,Wiz Inc,Wiz Prod",eu-frankfurt-1,"{""Oracle-Tags.CreatedBy"": ""okta/michael.aminov@wiz.io"", ""Oracle-Tags.CreatedOn"": ""2024-07-30T06:18:28.463Z""}",BUCKET,oci#objectStorageBucket,2024-10-30T19:04:06Z
aws-eu-central-1-984186218765-test-app-pipe,arn:aws:s3:::aws-eu-central-1-984186218765-test-app-pipe,aws-eu-central-1-984186218765-test-app-pipe,AWS,AWS Demo1,984186218765,"ACME corp,AWS demo,Acme,Acme AWS App,Acme Prod App,EBC_Labs",eu-central-1,"{""Name"": ""test-app-S3Bucket"", ""aws:cloudformation:stack-id"": ""arn:aws:cloudformation:eu-central-1:984186218765:stack/serverlessrepo-test-app-toolchain/2990a530-913d-11eb-9552-0a32025e35d4"", ""serverlessrepo:applicationId"": ""arn:aws:serverlessrepo:us-east-1:713482062377:applications/CICD-toolchain-for-serverless-applications"", ""aws:cloudformation:logical-id"": ""S3Bucket"", ""aws:cloudformation:stack-name"": ""serverlessrepo-test-app-toolchain"", ""serverlessrepo:semanticVersion"": ""1.0.3""}",BUCKET,bucket,2024-10-30T18:30:35Z
aws-glue-assets-984186218765-us-east-2,arn:aws:s3:::aws-glue-assets-984186218765-us-east-2,aws-glue-assets-984186218765-us-east-2,AWS,AWS Demo1,984186218765,"ACME corp,AWS demo,Acme,Acme AWS App,Acme Prod App,EBC_Labs",us-east-2,{},BUCKET,bucket,2024-10-30T18:30:36Z
wiz-mal-sample,arn:aws:s3:::wiz-mal-sample,wiz-mal-sample,AWS,AWS Demo1,984186218765,"ACME corp,AWS demo,Acme,Acme AWS App,Acme Prod App,EBC_Labs",eu-central-1,{},BUCKET,bucket,2024-10-30T18:30:40Z
wiz-outpost-gitops-state-bucket-813c6eb0,arn:aws:s3:::wiz-outpost-gitops-state-bucket-813c6eb0,wiz-outpost-gitops-state-bucket-813c6eb0,AWS,AWS Demo1,984186218765,"ACME corp,AWS demo,Acme,Acme AWS App,Acme Prod App,EBC_Labs",eu-central-1,{},BUCKET,bucket,2024-10-30T18:30:40Z
codepipeline-eu-central-1-118231569918,arn:aws:s3:::codepipeline-eu-central-1-118231569918,codepipeline-eu-central-1-118231569918,AWS,AWS Demo Scenarios 2,001791986277,"AWS demo,Acme,Acme AWS App,EBC_Labs,Wiz Dev,Wiz Factory Dev,Wiz Inc",eu-central-1,{},BUCKET,bucket,2024-10-30T20:05:13Z
aws-cloudtrail-logs-984186218765-1e7f137d-14,arn:aws:s3:::aws-cloudtrail-logs-984186218765-1e7f137d-14,aws-cloudtrail-logs-984186218765-1e7f137d-14,AWS,AWS Demo1,984186218765,"ACME corp,AWS demo,Acme,Acme AWS App,Acme Prod App,EBC_Labs",us-east-2,{},BUCKET,bucket,2024-10-30T18:30:36Z
demoresources,/subscriptions/fee3535b-9616-486f-a476-6a500a08a02b/resourcegroups/demo-infra/providers/microsoft.storage/storageaccounts/wizazuredemo/blobservices/default/containers/demoresources,/subscriptions/fee3535b-9616-486f-a476-6a500a08a02b/resourcegroups/demo-infra/providers/microsoft.storage/storageaccounts/wizazuredemo/blobservices/default/containers/demoresources,Azure,Wiz - Demo-Scenarios,fee3535b-9616-486f-a476-6a500a08a02b,"ACME corp,Acme,Acme Azure App,App A,Azure: Wiz-Demo-Scenarios,EBC_Labs,Payment Apps,Wiz Factory Prod,Wiz Inc,Wiz Prod",eastus,"{""owner"": ""DemoTeam""}",BUCKET,Microsoft.Storage/storageAccounts/blobServices/containers,2024-10-30T19:48:48Z
insurance-quotes-us,arn:aws:s3:::insurance-quotes-us,insurance-quotes-us,AWS,AWS Demo Scenarios 2,001791986277,"AWS demo,Acme,Acme AWS App,EBC_Labs,Wiz Dev,Wiz Factory Dev,Wiz Inc",ca-central-1,{},BUCKET,bucket,2024-10-30T20:05:14Z
logs,/subscriptions/fee3535b-9616-486f-a476-6a500a08a02b/resourcegroups/databricks-rg-bapp-databricks-x62ehalvq25pe/providers/microsoft.storage/storageaccounts/dbstoragelfxyom7rocgjo/blobservices/default/containers/logs,/subscriptions/fee3535b-9616-486f-a476-6a500a08a02b/resourcegroups/databricks-rg-bapp-databricks-x62ehalvq25pe/providers/microsoft.storage/storageaccounts/dbstoragelfxyom7rocgjo/blobservices/default/containers/logs,Azure,Wiz - Demo-Scenarios,fee3535b-9616-486f-a476-6a500a08a02b,"ACME corp,Acme,Acme Azure App,App A,Azure: Wiz-Demo-Scenarios,EBC_Labs,Junior Dev project,Payment Apps,Wiz Factory Prod,Wiz Inc,Wiz Prod",eastus,"{""Owner"": ""JD"", ""application"": ""databricks"", ""databricks-environment"": ""true""}",BUCKET,Microsoft.Storage/storageAccounts/blobServices/containers,2024-10-30T19:48:36Z
agent-for-bedrock,arn:aws:s3:::agent-for-bedrock,agent-for-bedrock,AWS,AWS Demo1,984186218765,"ACME corp,AWS demo,Acme,Acme AWS App,Acme Prod App,EBC_Labs",us-west-2,{},BUCKET,bucket,2024-10-30T18:30:36Z
gcf-sources-569531483875-us-central1,https://www.googleapis.com/storage/v1/b/gcf-sources-569531483875-us-central1,gs://gcf-sources-569531483875-us-central1,GCP,ACME-PROD-ENV,acme-prod-env,"ACME corp,Acme,Acme GCP App,App A,EBC_Labs,GCP Demo,GCP Subscription Project ,Google Workspace _GCP Org Demo,Wiz Factory Prod,Wiz Inc,Wiz Prod",us-central1,"{""goog-managed-by"": ""cloudfunctions""}",BUCKET,storage#bucket,2024-10-30T19:25:40Z
aws-glue-temporary-984186218765-eu-central-1,arn:aws:s3:::aws-glue-temporary-984186218765-eu-central-1,aws-glue-temporary-984186218765-eu-central-1,AWS,AWS Demo1,984186218765,"ACME corp,AWS demo,Acme,Acme AWS App,Acme Prod App,EBC_Labs",eu-central-1,{},BUCKET,bucket,2024-10-30T18:30:35Z
third-party-app,arn:aws:s3:::third-party-app,third-party-app,AWS,AWS Demo1,984186218765,"ACME corp,AWS demo,Acme,Acme AWS App,Acme Prod App,EBC_Labs",us-east-2,"{""wizRemediationLastUpdatedUTC"": ""25/07/2024 08:48:07 UTC""}",BUCKET,bucket,2024-10-30T18:30:40Z
shachar-test-bucket-2,ocid1.bucket.oc1.iad.aaaaaaaa5vidp4cntyfk3q7cljaih7tpielb7p3tidm2ql4uqgzf3hjjebpa,ocid1.bucket.oc1.iad.aaaaaaaa5vidp4cntyfk3q7cljaih7tpielb7p3tidm2ql4uqgzf3hjjebpa,OCI,playgroundwiz,ocid1.tenancy.oc1..aaaaaaaagigkayqhmlcvctybckug2tjwur5y64prmbvpdzsnwxjqu6noxm2a,"Acme,Acme Oracle App,OCI demo,Wiz Factory Prod,Wiz Inc,Wiz Prod",us-ashburn-1,"{""Oracle-Tags.CreatedBy"": ""okta/shachar.horvitz@wiz.io"", ""Oracle-Tags.CreatedOn"": ""2024-05-09T15:57:21.974Z""}",BUCKET,oci#objectStorageBucket,2024-10-30T19:04:07Z
insights-logs-management,/subscriptions/fee3535b-9616-486f-a476-6a500a08a02b/resourcegroups/aksenvgroup/providers/microsoft.storage/storageaccounts/testmattan11/blobservices/default/containers/insights-logs-management,/subscriptions/fee3535b-9616-486f-a476-6a500a08a02b/resourcegroups/aksenvgroup/providers/microsoft.storage/storageaccounts/testmattan11/blobservices/default/containers/insights-logs-management,Azure,Wiz - Demo-Scenarios,fee3535b-9616-486f-a476-6a500a08a02b,"ACME corp,Acme,Acme Azure App,App A,Azure: Wiz-Demo-Scenarios,EBC_Labs,Payment Apps,Wiz Factory Prod,Wiz Inc,Wiz Prod",eastus,{},BUCKET,Microsoft.Storage/storageAccounts/blobServices/containers,2024-10-30T19:48:42Z
ephemeral,/subscriptions/fee3535b-9616-486f-a476-6a500a08a02b/resourcegroups/databricks-rg-bapp-databricks-x62ehalvq25pe/providers/microsoft.storage/storageaccounts/dbstoragelfxyom7rocgjo/blobservices/default/containers/ephemeral,/subscriptions/fee3535b-9616-486f-a476-6a500a08a02b/resourcegroups/databricks-rg-bapp-databricks-x62ehalvq25pe/providers/microsoft.storage/storageaccounts/dbstoragelfxyom7rocgjo/blobservices/default/containers/ephemeral,Azure,Wiz - Demo-Scenarios,fee3535b-9616-486f-a476-6a500a08a02b,"ACME corp,Acme,Acme Azure App,App A,Azure: Wiz-Demo-Scenarios,EBC_Labs,Junior Dev project,Payment Apps,Wiz Factory Prod,Wiz Inc,Wiz Prod",eastus,"{""Owner"": ""JD"", ""application"": ""databricks"", ""databricks-environment"": ""true""}",BUCKET,Microsoft.Storage/storageAccounts/blobServices/containers,2024-10-30T19:48:36Z
aws-glue-scripts-984186218765-us-east-2,arn:aws:s3:::aws-glue-scripts-984186218765-us-east-2,aws-glue-scripts-984186218765-us-east-2,AWS,AWS Demo1,984186218765,"ACME corp,AWS demo,Acme,Acme AWS App,Acme Prod App,EBC_Labs",us-east-2,{},BUCKET,bucket,2024-10-30T18:30:36Z
aws-glue-scripts-984186218765-eu-central-1,arn:aws:s3:::aws-glue-scripts-984186218765-eu-central-1,aws-glue-scripts-984186218765-eu-central-1,AWS,AWS Demo1,984186218765,"ACME corp,AWS demo,Acme,Acme AWS App,Acme Prod App,EBC_Labs",eu-central-1,"{""wizRemediationLastUpdatedUTC"": ""29/07/2024 14:03:53 UTC""}",BUCKET,bucket,2024-10-30T18:30:35Z
bootdiagnostics-clusterkr-2918c612-daf3-46c1-8287-c2fd2f55b624,/subscriptions/fee3535b-9616-486f-a476-6a500a08a02b/resourcegroups/aro-b6ppqb26/providers/microsoft.storage/storageaccounts/clustercws42/blobservices/default/containers/bootdiagnostics-clusterkr-2918c612-daf3-46c1-8287-c2fd2f55b624,/subscriptions/fee3535b-9616-486f-a476-6a500a08a02b/resourcegroups/aro-b6ppqb26/providers/microsoft.storage/storageaccounts/clustercws42/blobservices/default/containers/bootdiagnostics-clusterkr-2918c612-daf3-46c1-8287-c2fd2f55b624,Azure,Wiz - Demo-Scenarios,fee3535b-9616-486f-a476-6a500a08a02b,"ACME corp,Acme,Acme Azure App,App A,Azure: Wiz-Demo-Scenarios,EBC_Labs,Payment Apps,Wiz Factory Prod,Wiz Inc,Wiz Prod",westeurope,{},BUCKET,Microsoft.Storage/storageAccounts/blobServices/containers,2024-10-30T19:48:52Z
wiz-bucket-tf,ocid1.bucket.oc1.iad.aaaaaaaafvpw4z7c2h4okkgxlifusq674arkozjosv64kuuno226nmsp56mq,ocid1.bucket.oc1.iad.aaaaaaaafvpw4z7c2h4okkgxlifusq674arkozjosv64kuuno226nmsp56mq,OCI,wiz-outpost-tf,ocid1.compartment.oc1..aaaaaaaatcctmb3g7bcb54e3hc73xg2zcvci6syxdhhgr4hsj6bybtrroxba,"Acme,Acme Oracle App,OCI demo",us-ashburn-1,"{""Oracle-Tags.CreatedBy"": ""elad.gabay@wiz.io"", ""Oracle-Tags.CreatedOn"": ""2022-01-04T17:49:45.800Z""}",BUCKET,oci#objectStorageBucket,2024-10-30T19:04:27Z
azure-webjobs-secrets,/subscriptions/fee3535b-9616-486f-a476-6a500a08a02b/resourcegroups/wiz-remediation-demo-resources/providers/microsoft.storage/storageaccounts/wizremediationdemorbuu6t/blobservices/default/containers/azure-webjobs-secrets,/subscriptions/fee3535b-9616-486f-a476-6a500a08a02b/resourcegroups/wiz-remediation-demo-resources/providers/microsoft.storage/storageaccounts/wizremediationdemorbuu6t/blobservices/default/containers/azure-webjobs-secrets,Azure,Wiz - Demo-Scenarios,fee3535b-9616-486f-a476-6a500a08a02b,"ACME corp,Acme,Acme Azure App,App A,Azure: Wiz-Demo-Scenarios,EBC_Labs,Payment Apps,Wiz Factory Prod,Wiz Inc,Wiz Prod",northeurope,"{""wiz-remediation-demo"": ""true""}",BUCKET,Microsoft.Storage/storageAccounts/blobServices/containers,2024-10-30T19:49:03Z
zigzagbucketfortest1,arn:aws:s3:::zigzagbucketfortest1,zigzagbucketfortest1,AWS,AWS Demo Scenarios 2,001791986277,"AWS demo,Acme,Acme AWS App,EBC_Labs,Wiz Dev,Wiz Factory Dev,Wiz Inc",eu-west-1,"{""owenr"": ""alon.weiss@wiz.io""}",BUCKET,bucket,2024-10-30T20:05:14Z
bucket-alp-test-oci,ocid1.bucket.oc1.iad.aaaaaaaazfl5qugrgku5bijbyoalbujmvq2cxltf57wv52s67pxcf6ctjl7q,ocid1.bucket.oc1.iad.aaaaaaaazfl5qugrgku5bijbyoalbujmvq2cxltf57wv52s67pxcf6ctjl7q,OCI,alp,ocid1.compartment.oc1..aaaaaaaauuaggb5r5xbk5dawnaamcceh7hzymdmy67cb37fnt235qyis442q,"Acme,Acme Oracle App",us-ashburn-1,"{""Oracle-Tags.CreatedBy"": ""okta/alp.deveci@wiz.io"", ""Oracle-Tags.CreatedOn"": ""2024-04-01T13:16:59.783Z""}",BUCKET,oci#objectStorageBucket,2024-10-30T19:04:07Z
training-data-for-sql,arn:aws:s3:::training-data-for-sql,training-data-for-sql,AWS,AWS Demo Scenarios 2,001791986277,"AWS demo,Acme,Acme AWS App,EBC_Labs,Wiz Dev,Wiz Factory Dev,Wiz Inc",us-east-1,{},BUCKET,bucket,2024-10-30T20:05:15Z
wiz-attack-simulation-bucket-3ffb770c,arn:aws:s3:::wiz-attack-simulation-bucket-3ffb770c,wiz-attack-simulation-bucket-3ffb770c,AWS,AWS Demo Scenarios 2,001791986277,"AWS demo,Acme,Acme AWS App,EBC_Labs,Wiz Dev,Wiz Factory Dev,Wiz Inc",eu-north-1,"{""wiz-attack-simulation"": ""true""}",BUCKET,bucket,2024-10-30T20:05:15Z
sagemaker-studio-001791986277-voudjt8z0la,arn:aws:s3:::sagemaker-studio-001791986277-voudjt8z0la,sagemaker-studio-001791986277-voudjt8z0la,AWS,AWS Demo Scenarios 2,001791986277,"AWS demo,Acme,Acme AWS App,EBC_Labs,Wiz Dev,Wiz Factory Dev,Wiz Inc",us-east-1,{},BUCKET,bucket,2024-10-30T20:05:15Z
wiz-cross-account-bucket,arn:aws:s3:::wiz-cross-account-bucket,wiz-cross-account-bucket,AWS,AWS Demo Scenarios 2,001791986277,"AWS demo,Acme,Acme AWS App,EBC_Labs,Wiz Dev,Wiz Factory Dev,Wiz Inc",eu-central-1,{},BUCKET,bucket,2024-10-30T20:05:15Z
wiz-demo-terraform-backend,arn:aws:s3:::wiz-demo-terraform-backend,wiz-demo-terraform-backend,AWS,AWS Demo1,984186218765,"ACME corp,AWS demo,Acme,Acme AWS App,Acme Prod App,EBC_Labs",us-east-2,"{""Name"": ""S3 Remote Terraform State Store for Atlantis""}",BUCKET,bucket,2024-10-30T18:30:40Z
wiz-attack-simulation-demo445587,https://www.googleapis.com/storage/v1/b/wiz-attack-simulation-demo445587,gs://wiz-attack-simulation-demo445587,GCP,ACME-PROD-ENV,acme-prod-env,"ACME corp,Acme,Acme GCP App,App A,EBC_Labs,GCP Demo,GCP Subscription Project ,Google Workspace _GCP Org Demo,Wiz Factory Prod,Wiz Inc,Wiz Prod",us,{},BUCKET,storage#bucket,2024-10-30T19:25:42Z
insights-logs-networksecuritygroupflowevent,/subscriptions/fee3535b-9616-486f-a476-6a500a08a02b/resourcegroups/defaultresourcegroup-eus/providers/microsoft.storage/storageaccounts/testmattan1/blobservices/default/containers/insights-logs-networksecuritygroupflowevent,/subscriptions/fee3535b-9616-486f-a476-6a500a08a02b/resourcegroups/defaultresourcegroup-eus/providers/microsoft.storage/storageaccounts/testmattan1/blobservices/default/containers/insights-logs-networksecuritygroupflowevent,Azure,Wiz - Demo-Scenarios,fee3535b-9616-486f-a476-6a500a08a02b,"ACME corp,Acme,Acme Azure App,App A,Azure: Wiz-Demo-Scenarios,EBC_Labs,Payment Apps,Wiz Factory Prod,Wiz Inc,Wiz Prod",eastus,{},BUCKET,Microsoft.Storage/storageAccounts/blobServices/containers,2024-10-30T19:48:45Z
azure-webjobs-secrets,/subscriptions/fee3535b-9616-486f-a476-6a500a08a02b/resourcegroups/developer-prod/providers/microsoft.storage/storageaccounts/storageaccountdevel8b87/blobservices/default/containers/azure-webjobs-secrets,/subscriptions/fee3535b-9616-486f-a476-6a500a08a02b/resourcegroups/developer-prod/providers/microsoft.storage/storageaccounts/storageaccountdevel8b87/blobservices/default/containers/azure-webjobs-secrets,Azure,Wiz - Demo-Scenarios,fee3535b-9616-486f-a476-6a500a08a02b,"ACME corp,Acme,Acme Azure App,App A,Azure: Wiz-Demo-Scenarios,EBC_Labs,Payment Apps,Wiz Factory Prod,Wiz Inc,Wiz Prod",westeurope,{},BUCKET,Microsoft.Storage/storageAccounts/blobServices/containers,2024-10-30T19:49:00Z
cf-templates-ms8zfpb3xoa0-us-east-1,arn:aws:s3:::cf-templates-ms8zfpb3xoa0-us-east-1,cf-templates-ms8zfpb3xoa0-us-east-1,AWS,AWS Demo Scenarios 2,001791986277,"AWS demo,Acme,Acme AWS App,EBC_Labs,Wiz Dev,Wiz Factory Dev,Wiz Inc",us-east-1,{},BUCKET,bucket,2024-10-30T20:05:14Z
wiz-outpost-or-test-bucket,ocid1.bucket.oc1.iad.aaaaaaaaon43cz4ttjssyre5j5obz4onn7oacnoo6akrspse3ohmnqt5yxka,ocid1.bucket.oc1.iad.aaaaaaaaon43cz4ttjssyre5j5obz4onn7oacnoo6akrspse3ohmnqt5yxka,OCI,wiz-outpost-or-test,ocid1.compartment.oc1..aaaaaaaa74bvrpc5hshxyncrtkefp7kl3l6xuwwlckxmkdwin7hrimje74rq,"Acme,Acme Oracle App,OCI demo",us-ashburn-1,"{""Oracle-Tags.CreatedBy"": ""okta/or.heller@wiz.io"", ""Oracle-Tags.CreatedOn"": ""2022-03-07T10:01:08.648Z""}",BUCKET,oci#objectStorageBucket,2024-10-30T19:04:18Z
kosdf-creditcards,arn:aws:s3:::kosdf-creditcards,kosdf-creditcards,AWS,AWS Demo1,984186218765,"ACME corp,AWS demo,Acme,Acme AWS App,Acme Prod App,EBC_Labs",us-east-1,"{""PII"": """", ""Owner"": ""JD"", ""Environment"": ""Demo"", ""Sensitive Data"": """"}",BUCKET,bucket,2024-10-30T18:30:38Z
frompodimds,arn:aws:s3:::frompodimds,frompodimds,AWS,AWS Demo1,984186218765,"ACME corp,AWS demo,Acme,Acme AWS App,Acme Prod App,EBC_Labs",us-east-1,{},BUCKET,bucket,2024-10-30T18:30:37Z
elad-test-bucket,ocid1.bucket.oc1.iad.aaaaaaaa34kkdbcfhante46wybqqc6it6d3lezbq7hu2s7kihxocp4dzgtaq,ocid1.bucket.oc1.iad.aaaaaaaa34kkdbcfhante46wybqqc6it6d3lezbq7hu2s7kihxocp4dzgtaq,OCI,comp1_2,ocid1.compartment.oc1..aaaaaaaanopl5xnrizwjtr5k3fgom3wquew22ut4ouadwk7nvjwikwgaif3q,"Acme,Acme Oracle App,OCI demo,Wiz Factory Prod,Wiz Inc,Wiz Prod",us-ashburn-1,"{""Oracle-Tags.CreatedBy"": ""elad.gabay@wiz.io"", ""Oracle-Tags.CreatedOn"": ""2021-11-25T12:52:44.545Z""}",BUCKET,oci#objectStorageBucket,2024-10-30T19:04:13Z
elad,ocid1.bucket.oc1.iad.aaaaaaaalzb7pfsjruynxikgifvcu3ymm37e64eu4lqx6jhjuudpbfxhobdq,ocid1.bucket.oc1.iad.aaaaaaaalzb7pfsjruynxikgifvcu3ymm37e64eu4lqx6jhjuudpbfxhobdq,OCI,comp1_1_1,ocid1.compartment.oc1..aaaaaaaajxhzbkv4c3miizugi4nai6tyuhj47ui4douwix2p6aippveuveqa,"Acme,Acme Oracle App,OCI demo",us-ashburn-1,"{""Oracle-Tags.CreatedBy"": ""elad.gabay@wiz.io"", ""Oracle-Tags.CreatedOn"": ""2021-11-23T22:26:32.215Z""}",BUCKET,oci#objectStorageBucket,2024-10-30T19:03:12Z
testdatapipelinebucket,https://www.googleapis.com/storage/v1/b/testdatapipelinebucket,gs://testdatapipelinebucket,GCP,ACME-PROD-ENV,acme-prod-env,"ACME corp,Acme,Acme GCP App,App A,EBC_Labs,GCP Demo,GCP Subscription Project ,Google Workspace _GCP Org Demo,Wiz Factory Prod,Wiz Inc,Wiz Prod",us-east1,{},BUCKET,storage#bucket,2024-10-30T19:25:41Z
gohackergo.click,arn:aws:s3:::gohackergo.click,gohackergo.click,AWS,AWS Demo Scenarios 2,001791986277,"AWS demo,Acme,Acme AWS App,EBC_Labs,Wiz Dev,Wiz Factory Dev,Wiz Inc",us-east-1,{},BUCKET,bucket,2024-10-30T20:05:14Z
ld001-secret-prime0001-47f499a0-543f-11ef-9596-12092b029ad9,arn:aws:s3:::ld001-secret-prime0001-47f499a0-543f-11ef-9596-12092b029ad9,ld001-secret-prime0001-47f499a0-543f-11ef-9596-12092b029ad9,AWS,AWS Demo1,984186218765,"ACME corp,AWS demo,Acme,Acme AWS App,Acme Prod App,EBC_Labs",us-east-1,"{""Owner"": ""tcc-labs@wiz.io"", ""Stack"": ""livedemo0001"", ""Source"": ""https://github.com/wiz-training/livedemos/blob/main/livedemo0001/aws/iac/root.yaml"", ""CostCenter"": ""-"", ""Managed_by"": ""CloudFormation"", ""Application"": ""livedemo0001"", ""aws:cloudformation:stack-id"": ""arn:aws:cloudformation:us-east-1:984186218765:stack/prime0001-BucketSecretStack-1T5SYZRYMLX1Y/47f499a0-543f-11ef-9596-12092b029ad9"", ""aws:cloudformation:logical-id"": ""S3Bucket"", ""aws:cloudformation:stack-name"": ""prime0001-BucketSecretStack-1T5SYZRYMLX1Y""}",BUCKET,bucket,2024-10-30T18:30:38Z
wiz-attack-simulation-bucket-b0662b50,arn:aws:s3:::wiz-attack-simulation-bucket-b0662b50,wiz-attack-simulation-bucket-b0662b50,AWS,AWS Demo1,984186218765,"ACME corp,AWS demo,Acme,Acme AWS App,Acme Prod App,EBC_Labs",eu-central-1,"{""wiz-attack-simulation"": ""true""}",BUCKET,bucket,2024-10-30T18:30:39Z
vulnerability-assessment,/subscriptions/fee3535b-9616-486f-a476-6a500a08a02b/resourcegroups/newpaymentapp/providers/microsoft.storage/storageaccounts/sqlval2nrcd4kbwl3e/blobservices/default/containers/vulnerability-assessment,/subscriptions/fee3535b-9616-486f-a476-6a500a08a02b/resourcegroups/newpaymentapp/providers/microsoft.storage/storageaccounts/sqlval2nrcd4kbwl3e/blobservices/default/containers/vulnerability-assessment,Azure,Wiz - Demo-Scenarios,fee3535b-9616-486f-a476-6a500a08a02b,"ACME corp,Acme,Acme Azure App,App A,Azure: Wiz-Demo-Scenarios,EBC_Labs,Payment Apps,Wiz Factory Prod,Wiz Inc,Wiz Prod",eastus,{},BUCKET,Microsoft.Storage/storageAccounts/blobServices/containers,2024-10-30T19:48:42Z
etra-bucket2,arn:aws:s3:::etra-bucket2,etra-bucket2,AWS,AWS Demo1,984186218765,"ACME corp,AWS demo,Acme,Acme AWS App,Acme Prod App,EBC_Labs",us-east-2,{},BUCKET,bucket,2024-10-30T18:30:37Z
wiz-cloud-events-c3ebdf14,ocid1.bucket.oc1.iad.aaaaaaaaoi6bjrycwqcjoq52zfqlvmyvomta2pindkkyceimly4q3jzl6hzq,ocid1.bucket.oc1.iad.aaaaaaaaoi6bjrycwqcjoq52zfqlvmyvomta2pindkkyceimly4q3jzl6hzq,OCI,playgroundwiz,ocid1.tenancy.oc1..aaaaaaaagigkayqhmlcvctybckug2tjwur5y64prmbvpdzsnwxjqu6noxm2a,"Acme,Acme Oracle App,OCI demo,Wiz Factory Prod,Wiz Inc,Wiz Prod",us-ashburn-1,"{""wiz.cdr-stream"": ""true"", ""Oracle-Tags.CreatedBy"": ""okta/michael.aminov@wiz.io"", ""Oracle-Tags.CreatedOn"": ""2024-07-09T17:20:41.074Z""}",BUCKET,oci#objectStorageBucket,2024-10-30T19:04:07Z
iota-locked-bucket,arn:aws:s3:::iota-locked-bucket,iota-locked-bucket,AWS,AWS Demo1,984186218765,"ACME corp,AWS demo,Acme,Acme AWS App,Acme Prod App,EBC_Labs",us-west-1,"{""wizRemediationLastUpdatedUTC"": ""29/05/2024 10:58:42 UTC""}",BUCKET,bucket,2024-10-30T18:30:39Z
cf-templates-ms8zfpb3xoa0-us-east-2,arn:aws:s3:::cf-templates-ms8zfpb3xoa0-us-east-2,cf-templates-ms8zfpb3xoa0-us-east-2,AWS,AWS Demo Scenarios 2,001791986277,"AWS demo,Acme,Acme AWS App,EBC_Labs,Wiz Dev,Wiz Factory Dev,Wiz Inc",us-east-2,{},BUCKET,bucket,2024-10-30T20:05:14Z
frompodirsa,arn:aws:s3:::frompodirsa,frompodirsa,AWS,AWS Demo1,984186218765,"ACME corp,AWS demo,Acme,Acme AWS App,Acme Prod App,EBC_Labs",us-east-1,{},BUCKET,bucket,2024-10-30T18:30:38Z
sagemaker-us-east-1-984186218765,arn:aws:s3:::sagemaker-us-east-1-984186218765,sagemaker-us-east-1-984186218765,AWS,AWS Demo1,984186218765,"ACME corp,AWS demo,Acme,Acme AWS App,Acme Prod App,EBC_Labs",us-east-1,{},BUCKET,bucket,2024-10-30T18:30:39Z
aws-cloudtrail-logs-984186218765-us-east-1-rep-partners,arn:aws:s3:::aws-cloudtrail-logs-984186218765-us-east-1-rep-partners,aws-cloudtrail-logs-984186218765-us-east-1-rep-partners,AWS,AWS Demo1,984186218765,"ACME corp,AWS demo,Acme,Acme AWS App,Acme Prod App,EBC_Labs",us-east-1,"{""Wiz_Tenant"": ""Partners""}",BUCKET,bucket,2024-10-30T18:30:36Z
us-east-bucket,ocid1.bucket.oc1.iad.aaaaaaaawuyrre2bjz67cqcegzrrq5nvwrqtezbemqmdzuq2747peglp7liq,ocid1.bucket.oc1.iad.aaaaaaaawuyrre2bjz67cqcegzrrq5nvwrqtezbemqmdzuq2747peglp7liq,OCI,aminov,ocid1.compartment.oc1..aaaaaaaakdwckvimekkhloq5sohoupn2gjv46ipxyjui4flr4smfjwfyrp6q,"Acme,Acme Oracle App,OCI demo",us-ashburn-1,"{""Oracle-Tags.CreatedBy"": ""okta/michael.aminov@wiz.io"", ""Oracle-Tags.CreatedOn"": ""2024-05-29T13:19:35.931Z""}",BUCKET,oci#objectStorageBucket,2024-10-30T19:04:10Z
aws-athena-query-results-984186218765-us-east-1,arn:aws:s3:::aws-athena-query-results-984186218765-us-east-1,aws-athena-query-results-984186218765-us-east-1,AWS,AWS Demo1,984186218765,"ACME corp,AWS demo,Acme,Acme AWS App,Acme Prod App,EBC_Labs",us-east-1,{},BUCKET,bucket,2024-10-30T18:30:35Z
wiz-remediation-custom-functions-bucket-98418621-984186218765,arn:aws:s3:::wiz-remediation-custom-functions-bucket-98418621-984186218765,wiz-remediation-custom-functions-bucket-98418621-984186218765,AWS,AWS Demo1,984186218765,"ACME corp,AWS demo,Acme,Acme AWS App,Acme Prod App,EBC_Labs",us-east-2,"{""aws:cloudformation:stack-id"": ""arn:aws:cloudformation:us-east-2:984186218765:stack/wiz-remediation-and-response-infrastructure/e69dc300-184a-11ef-8110-024b11f2239b"", ""aws:cloudformation:logical-id"": ""WizRemediationCustomFunctionsBucket"", ""aws:cloudformation:stack-name"": ""wiz-remediation-and-response-infrastructure""}",BUCKET,bucket,2024-10-30T18:30:41Z
democontainer,/subscriptions/fee3535b-9616-486f-a476-6a500a08a02b/resourcegroups/wiz-remediation-demo-resources/providers/microsoft.storage/storageaccounts/wizremediationdemo2z1u6l/blobservices/default/containers/democontainer,/subscriptions/fee3535b-9616-486f-a476-6a500a08a02b/resourcegroups/wiz-remediation-demo-resources/providers/microsoft.storage/storageaccounts/wizremediationdemo2z1u6l/blobservices/default/containers/democontainer,Azure,Wiz - Demo-Scenarios,fee3535b-9616-486f-a476-6a500a08a02b,"ACME corp,Acme,Acme Azure App,App A,Azure: Wiz-Demo-Scenarios,EBC_Labs,Payment Apps,Wiz Factory Prod,Wiz Inc,Wiz Prod",northeurope,"{""wiz-remediation-demo"": ""true""}",BUCKET,Microsoft.Storage/storageAccounts/blobServices/containers,2024-10-30T19:49:02Z
cf-templates-1n9jxzo36futl-us-west-2,arn:aws:s3:::cf-templates-1n9jxzo36futl-us-west-2,cf-templates-1n9jxzo36futl-us-west-2,AWS,AWS Demo1,984186218765,"ACME corp,AWS demo,Acme,Acme AWS App,Acme Prod App,EBC_Labs",us-west-2,{},BUCKET,bucket,2024-10-30T18:30:38Z
bootdiagnostics-clusterkr-eeb8988c-62f5-41a0-9b94-8f0f6584a417,/subscriptions/fee3535b-9616-486f-a476-6a500a08a02b/resourcegroups/aro-b6ppqb26/providers/microsoft.storage/storageaccounts/clustercws42/blobservices/default/containers/bootdiagnostics-clusterkr-eeb8988c-62f5-41a0-9b94-8f0f6584a417,/subscriptions/fee3535b-9616-486f-a476-6a500a08a02b/resourcegroups/aro-b6ppqb26/providers/microsoft.storage/storageaccounts/clustercws42/blobservices/default/containers/bootdiagnostics-clusterkr-eeb8988c-62f5-41a0-9b94-8f0f6584a417,Azure,Wiz - Demo-Scenarios,fee3535b-9616-486f-a476-6a500a08a02b,"ACME corp,Acme,Acme Azure App,App A,Azure: Wiz-Demo-Scenarios,EBC_Labs,Payment Apps,Wiz Factory Prod,Wiz Inc,Wiz Prod",westeurope,{},BUCKET,Microsoft.Storage/storageAccounts/blobServices/containers,2024-10-30T19:48:52Z
aro,/subscriptions/fee3535b-9616-486f-a476-6a500a08a02b/resourcegroups/aro-b6ppqb26/providers/microsoft.storage/storageaccounts/clustercws42/blobservices/default/containers/aro,/subscriptions/fee3535b-9616-486f-a476-6a500a08a02b/resourcegroups/aro-b6ppqb26/providers/microsoft.storage/storageaccounts/clustercws42/blobservices/default/containers/aro,Azure,Wiz - Demo-Scenarios,fee3535b-9616-486f-a476-6a500a08a02b,"ACME corp,Acme,Acme Azure App,App A,Azure: Wiz-Demo-Scenarios,EBC_Labs,Payment Apps,Wiz Factory Prod,Wiz Inc,Wiz Prod",westeurope,{},BUCKET,Microsoft.Storage/storageAccounts/blobServices/containers,2024-10-30T19:48:52Z
vertexaibootscript,https://www.googleapis.com/storage/v1/b/vertexaibootscript,gs://vertexaibootscript,GCP,ACME-PROD-ENV,acme-prod-env,"ACME corp,Acme,Acme GCP App,App A,EBC_Labs,GCP Demo,GCP Subscription Project ,Google Workspace _GCP Org Demo,Wiz Factory Prod,Wiz Inc,Wiz Prod",us,{},BUCKET,storage#bucket,2024-10-30T19:25:42Z
lior-demo-14,arn:aws:s3:::lior-demo-14,lior-demo-14,AWS,AWS Demo1,984186218765,"ACME corp,AWS demo,Acme,Acme AWS App,Acme Prod App,EBC_Labs",eu-central-1,{},BUCKET,bucket,2024-10-30T18:30:37Z
nyc-employees-nsn,arn:aws:s3:::nyc-employees-nsn,nyc-employees-nsn,AWS,AWS Demo Scenarios 2,001791986277,"AWS demo,Acme,Acme AWS App,EBC_Labs,Wiz Dev,Wiz Factory Dev,Wiz Inc",us-east-1,"{""itayTest"": """"}",BUCKET,bucket,2024-10-30T20:05:15Z
cf-templates-1n9jxzo36futl-us-east-2,arn:aws:s3:::cf-templates-1n9jxzo36futl-us-east-2,cf-templates-1n9jxzo36futl-us-east-2,AWS,AWS Demo1,984186218765,"ACME corp,AWS demo,Acme,Acme AWS App,Acme Prod App,EBC_Labs",us-east-2,{},BUCKET,bucket,2024-10-30T18:30:37Z
bedrock-training-job-bucket,arn:aws:s3:::bedrock-training-job-bucket,bedrock-training-job-bucket,AWS,AWS Demo Scenarios 2,001791986277,"AWS demo,Acme,Acme AWS App,EBC_Labs,Wiz Dev,Wiz Factory Dev,Wiz Inc",us-east-1,{},BUCKET,bucket,2024-10-30T20:05:14Z
bootdiagnostics-clusterkr-62df54bb-a791-494b-a3d2-f2961d748c15,/subscriptions/fee3535b-9616-486f-a476-6a500a08a02b/resourcegroups/aro-b6ppqb26/providers/microsoft.storage/storageaccounts/clustercws42/blobservices/default/containers/bootdiagnostics-clusterkr-62df54bb-a791-494b-a3d2-f2961d748c15,/subscriptions/fee3535b-9616-486f-a476-6a500a08a02b/resourcegroups/aro-b6ppqb26/providers/microsoft.storage/storageaccounts/clustercws42/blobservices/default/containers/bootdiagnostics-clusterkr-62df54bb-a791-494b-a3d2-f2961d748c15,Azure,Wiz - Demo-Scenarios,fee3535b-9616-486f-a476-6a500a08a02b,"ACME corp,Acme,Acme Azure App,App A,Azure: Wiz-Demo-Scenarios,EBC_Labs,Payment Apps,Wiz Factory Prod,Wiz Inc,Wiz Prod",westeurope,{},BUCKET,Microsoft.Storage/storageAccounts/blobServices/containers,2024-10-30T19:48:52Z
alma-cdr-bucket,ocid1.bucket.oc1.iad.aaaaaaaa7upv6wvblwkjxxihekpofcd5z2ajvrpyyhsowdmga5uxvq2cdptq,ocid1.bucket.oc1.iad.aaaaaaaa7upv6wvblwkjxxihekpofcd5z2ajvrpyyhsowdmga5uxvq2cdptq,OCI,playgroundwiz,ocid1.tenancy.oc1..aaaaaaaagigkayqhmlcvctybckug2tjwur5y64prmbvpdzsnwxjqu6noxm2a,"Acme,Acme Oracle App,OCI demo,Wiz Factory Prod,Wiz Inc,Wiz Prod",us-ashburn-1,"{""wiz.alma-cdr"": ""true"", ""Oracle-Tags.CreatedBy"": ""okta/alma.raziel@wiz.io"", ""Oracle-Tags.CreatedOn"": ""2024-07-14T16:07:39.719Z""}",BUCKET,oci#objectStorageBucket,2024-10-30T19:04:06Z
bucket-20240521-1347,ocid1.bucket.oc1.iad.aaaaaaaaem7qg5edzk5ui6ptc7c364a7jfuxfdnldiofirnf4l42le7r2wnq,ocid1.bucket.oc1.iad.aaaaaaaaem7qg5edzk5ui6ptc7c364a7jfuxfdnldiofirnf4l42le7r2wnq,OCI,playgroundwiz,ocid1.tenancy.oc1..aaaaaaaagigkayqhmlcvctybckug2tjwur5y64prmbvpdzsnwxjqu6noxm2a,"Acme,Acme Oracle App,OCI demo,Wiz Factory Prod,Wiz Inc,Wiz Prod",us-ashburn-1,"{""Oracle-Tags.CreatedBy"": ""okta/alma.raziel@wiz.io"", ""Oracle-Tags.CreatedOn"": ""2024-05-21T10:47:34.741Z""}",BUCKET,oci#objectStorageBucket,2024-10-30T19:04:07Z
outpost-for-test-bucket,ocid1.bucket.oc1.iad.aaaaaaaa65lbu55yeayjlsk7glj6etx6dhproxxikdzpvl4qxdspoq7eleva,ocid1.bucket.oc1.iad.aaaaaaaa65lbu55yeayjlsk7glj6etx6dhproxxikdzpvl4qxdspoq7eleva,OCI,outpost-for-test,ocid1.compartment.oc1..aaaaaaaancf7jbrqplgfjzu2we74amq4p5vgksiec7ahs5rrfzbzs6yeog6q,"Acme,Acme Oracle App,OCI demo",us-ashburn-1,"{""Oracle-Tags.CreatedBy"": ""elad.gabay@wiz.io"", ""Oracle-Tags.CreatedOn"": ""2022-02-13T12:31:04.553Z""}",BUCKET,oci#objectStorageBucket,2024-10-30T19:03:15Z
amazon-datazone-984186218765-eu-central-1-951434286,arn:aws:s3:::amazon-datazone-984186218765-eu-central-1-951434286,amazon-datazone-984186218765-eu-central-1-951434286,AWS,AWS Demo1,984186218765,"ACME corp,AWS demo,Acme,Acme AWS App,Acme Prod App,EBC_Labs",eu-central-1,"{""wizRemediationLastUpdatedUTC"": ""16/09/2024 10:15:43 UTC""}",BUCKET,bucket,2024-10-30T18:30:34Z
con,arn:aws:mediastore:us-east-1:001791986277:container/con,arn:aws:mediastore:us-east-1:001791986277:container/con,AWS,AWS Demo Scenarios 2,001791986277,"AWS demo,Acme,Acme AWS App,EBC_Labs,Wiz Dev,Wiz Factory Dev,Wiz Inc",us-east-1,{},BUCKET,mediastore#container,2024-10-30T20:05:01Z
liron-public,arn:aws:s3:::liron-public,liron-public,AWS,AWS Demo Scenarios 2,001791986277,"AWS demo,Acme,Acme AWS App,EBC_Labs,Wiz Dev,Wiz Factory Dev,Wiz Inc",eu-west-2,{},BUCKET,bucket,2024-10-30T20:05:13Z
oci-logs._flowlogs.ocid1.tenancy.oc1..aaaaaaaagigkayqhmlcvctybckug2tjwur5y64prmbvpdzsnwxjqu6noxm2a,ocid1.bucket.oc1.iad.aaaaaaaa2mxcyydnwo2gvgfaqh6mqdy3edbxle6oynrcit25fiwxawectc4q,ocid1.bucket.oc1.iad.aaaaaaaa2mxcyydnwo2gvgfaqh6mqdy3edbxle6oynrcit25fiwxawectc4q,OCI,playgroundwiz,ocid1.tenancy.oc1..aaaaaaaagigkayqhmlcvctybckug2tjwur5y64prmbvpdzsnwxjqu6noxm2a,"Acme,Acme Oracle App,OCI demo,Wiz Factory Prod,Wiz Inc,Wiz Prod",us-ashburn-1,"{""Oracle-Tags.CreatedBy"": ""logging"", ""Oracle-Tags.CreatedOn"": ""2022-05-31T13:37:03.210Z""}",BUCKET,oci#objectStorageBucket,2024-10-30T19:04:07Z
custom-classifiers,arn:aws:s3:::custom-classifiers,custom-classifiers,AWS,AWS Demo1,984186218765,"ACME corp,AWS demo,Acme,Acme AWS App,Acme Prod App,EBC_Labs",us-east-1,{},BUCKET,bucket,2024-10-30T18:30:37Z
scm-releases,/subscriptions/fee3535b-9616-486f-a476-6a500a08a02b/resourcegroups/developer-prod/providers/microsoft.storage/storageaccounts/storageaccountdevel8b87/blobservices/default/containers/scm-releases,/subscriptions/fee3535b-9616-486f-a476-6a500a08a02b/resourcegroups/developer-prod/providers/microsoft.storage/storageaccounts/storageaccountdevel8b87/blobservices/default/containers/scm-releases,Azure,Wiz - Demo-Scenarios,fee3535b-9616-486f-a476-6a500a08a02b,"ACME corp,Acme,Acme Azure App,App A,Azure: Wiz-Demo-Scenarios,EBC_Labs,Payment Apps,Wiz Factory Prod,Wiz Inc,Wiz Prod",westeurope,{},BUCKET,Microsoft.Storage/storageAccounts/blobServices/containers,2024-10-30T19:49:00Z
test-bucket-for-filepath,arn:aws:s3:::test-bucket-for-filepath,test-bucket-for-filepath,AWS,AWS Demo1,984186218765,"ACME corp,AWS demo,Acme,Acme AWS App,Acme Prod App,EBC_Labs",us-east-1,{},BUCKET,bucket,2024-10-30T18:30:40Z
us.artifacts.acme-prod-env.appspot.com,https://www.googleapis.com/storage/v1/b/us.artifacts.acme-prod-env.appspot.com,gs://us.artifacts.acme-prod-env.appspot.com,GCP,ACME-PROD-ENV,acme-prod-env,"ACME corp,Acme,Acme GCP App,App A,EBC_Labs,GCP Demo,GCP Subscription Project ,Google Workspace _GCP Org Demo,Wiz Factory Prod,Wiz Inc,Wiz Prod",us,{},BUCKET,storage#bucket,2024-10-30T19:25:42Z
licht-bucket1-ashburn,ocid1.bucket.oc1.iad.aaaaaaaay3mrdkwstzvdxloaezgnmgaesub33y2d5zivhpiv3ly4ru4l6qiq,ocid1.bucket.oc1.iad.aaaaaaaay3mrdkwstzvdxloaezgnmgaesub33y2d5zivhpiv3ly4ru4l6qiq,OCI,licht-comp,ocid1.compartment.oc1..aaaaaaaacwntaxqnmuvmguezefjywdsltejxvgb3gv6aqlrwuipvo7uhcggq,"Acme,Acme Oracle App,OCI demo",us-ashburn-1,"{""Oracle-Tags.CreatedBy"": ""okta/tal@wiz.io"", ""Oracle-Tags.CreatedOn"": ""2024-04-18T15:44:35.873Z""}",BUCKET,oci#objectStorageBucket,2024-10-30T19:03:12Z
azure-webjobs-hosts,/subscriptions/fee3535b-9616-486f-a476-6a500a08a02b/resourcegroups/developer-prod/providers/microsoft.storage/storageaccounts/storageaccountdevel8b87/blobservices/default/containers/azure-webjobs-hosts,/subscriptions/fee3535b-9616-486f-a476-6a500a08a02b/resourcegroups/developer-prod/providers/microsoft.storage/storageaccounts/storageaccountdevel8b87/blobservices/default/containers/azure-webjobs-hosts,Azure,Wiz - Demo-Scenarios,fee3535b-9616-486f-a476-6a500a08a02b,"ACME corp,Acme,Acme Azure App,App A,Azure: Wiz-Demo-Scenarios,EBC_Labs,Payment Apps,Wiz Factory Prod,Wiz Inc,Wiz Prod",westeurope,{},BUCKET,Microsoft.Storage/storageAccounts/blobServices/containers,2024-10-30T19:49:00Z
noam-bucket,ocid1.bucket.oc1.iad.aaaaaaaajyyi4fq5xxmjswuevkayn5f4w7qjvn5g5hdora67xx7yhxf7u34a,ocid1.bucket.oc1.iad.aaaaaaaajyyi4fq5xxmjswuevkayn5f4w7qjvn5g5hdora67xx7yhxf7u34a,OCI,playgroundwiz,ocid1.tenancy.oc1..aaaaaaaagigkayqhmlcvctybckug2tjwur5y64prmbvpdzsnwxjqu6noxm2a,"Acme,Acme Oracle App,OCI demo,Wiz Factory Prod,Wiz Inc,Wiz Prod",us-ashburn-1,"{""wiz.cdr-stream"": """", ""Oracle-Tags.CreatedBy"": ""okta/noam.soloveichik@wiz.io"", ""Oracle-Tags.CreatedOn"": ""2024-05-22T12:16:57.296Z""}",BUCKET,oci#objectStorageBucket,2024-10-30T19:04:07Z
demo2-tf-state,arn:aws:s3:::demo2-tf-state,demo2-tf-state,AWS,AWS Demo Scenarios 2,001791986277,"AWS demo,Acme,Acme AWS App,EBC_Labs,Wiz Dev,Wiz Factory Dev,Wiz Inc",us-west-1,"{""Name"": ""demo2-tf-state"", ""Maintainer "": ""Yossi""}",BUCKET,bucket,2024-10-30T20:05:16Z
IdoTestbucket,ocid1.bucket.oc1.iad.aaaaaaaapjbfnaf7q5forczyf42223jpe74k5t6e3akpnzofc2y7fvcyvxkq,ocid1.bucket.oc1.iad.aaaaaaaapjbfnaf7q5forczyf42223jpe74k5t6e3akpnzofc2y7fvcyvxkq,OCI,comp,ocid1.compartment.oc1..aaaaaaaa7tulv6jdvvi7i6apwa2qejvhmmm7w45dxamcxfcyy3sc44brgopa,"Acme,Acme Oracle App,OCI demo",us-ashburn-1,"{""Oracle-Tags.CreatedBy"": ""okta/ido.yacovhai@wiz.io"", ""Oracle-Tags.CreatedOn"": ""2021-12-23T09:40:48.487Z""}",BUCKET,oci#objectStorageBucket,2024-10-30T19:04:11Z
aws-cloudtrail-logs-984186218765-32c4255a-trail,arn:aws:s3:::aws-cloudtrail-logs-984186218765-32c4255a-trail,aws-cloudtrail-logs-984186218765-32c4255a-trail,AWS,AWS Demo1,984186218765,"ACME corp,AWS demo,Acme,Acme AWS App,Acme Prod App,EBC_Labs",us-east-2,{},BUCKET,bucket,2024-10-30T18:30:36Z
demogcpexportbucket,https://www.googleapis.com/storage/v1/b/demogcpexportbucket,gs://demogcpexportbucket,GCP,demo-project,centered-kiln-290213,"App A,GCP Subscription Project ,Google Workspace _GCP Org Demo",us-east1,{},BUCKET,storage#bucket,2024-10-30T19:29:23Z
shachar-test-bucket,ocid1.bucket.oc1.iad.aaaaaaaanvr64hlwwc467azaw3zm4dkbiptbxlzaqhkzahg7x3rwnmoxiwnq,ocid1.bucket.oc1.iad.aaaaaaaanvr64hlwwc467azaw3zm4dkbiptbxlzaqhkzahg7x3rwnmoxiwnq,OCI,playgroundwiz,ocid1.tenancy.oc1..aaaaaaaagigkayqhmlcvctybckug2tjwur5y64prmbvpdzsnwxjqu6noxm2a,"Acme,Acme Oracle App,OCI demo,Wiz Factory Prod,Wiz Inc,Wiz Prod",us-ashburn-1,"{""Oracle-Tags.CreatedBy"": ""okta/shachar.horvitz@wiz.io"", ""Oracle-Tags.CreatedOn"": ""2024-05-09T15:47:52.322Z""}",BUCKET,oci#objectStorageBucket,2024-10-30T19:04:07Z
scm-releases,/subscriptions/fee3535b-9616-486f-a476-6a500a08a02b/resourcegroups/defaultresourcegroup-eus2/providers/microsoft.storage/storageaccounts/defaultresourcegrou96f4/blobservices/default/containers/scm-releases,/subscriptions/fee3535b-9616-486f-a476-6a500a08a02b/resourcegroups/defaultresourcegroup-eus2/providers/microsoft.storage/storageaccounts/defaultresourcegrou96f4/blobservices/default/containers/scm-releases,Azure,Wiz - Demo-Scenarios,fee3535b-9616-486f-a476-6a500a08a02b,"ACME corp,Acme,Acme Azure App,App A,Azure: Wiz-Demo-Scenarios,EBC_Labs,Payment Apps,Wiz Factory Prod,Wiz Inc,Wiz Prod",eastus2,"{""owner"": ""danny""}",BUCKET,Microsoft.Storage/storageAccounts/blobServices/containers,2024-10-30T19:48:52Z
public-relations,https://www.googleapis.com/storage/v1/b/public-relations,gs://public-relations,GCP,ACME-PROD-ENV,acme-prod-env,"ACME corp,Acme,Acme GCP App,App A,EBC_Labs,GCP Demo,GCP Subscription Project ,Google Workspace _GCP Org Demo,Wiz Factory Prod,Wiz Inc,Wiz Prod",eu,"{""has_pii"": ""true"", ""sensitive_data"": ""true""}",BUCKET,storage#bucket,2024-10-30T19:25:40Z
models-backup-b,arn:aws:s3:::models-backup-b,models-backup-b,AWS,AWS Demo Scenarios 2,001791986277,"AWS demo,Acme,Acme AWS App,EBC_Labs,Wiz Dev,Wiz Factory Dev,Wiz Inc",us-east-2,{},BUCKET,bucket,2024-10-30T20:05:15Z
jobs,/subscriptions/fee3535b-9616-486f-a476-6a500a08a02b/resourcegroups/databricks-rg-bapp-databricks-x62ehalvq25pe/providers/microsoft.storage/storageaccounts/dbstoragelfxyom7rocgjo/blobservices/default/containers/jobs,/subscriptions/fee3535b-9616-486f-a476-6a500a08a02b/resourcegroups/databricks-rg-bapp-databricks-x62ehalvq25pe/providers/microsoft.storage/storageaccounts/dbstoragelfxyom7rocgjo/blobservices/default/containers/jobs,Azure,Wiz - Demo-Scenarios,fee3535b-9616-486f-a476-6a500a08a02b,"ACME corp,Acme,Acme Azure App,App A,Azure: Wiz-Demo-Scenarios,EBC_Labs,Junior Dev project,Payment Apps,Wiz Factory Prod,Wiz Inc,Wiz Prod",eastus,"{""Owner"": ""JD"", ""application"": ""databricks"", ""databricks-environment"": ""true""}",BUCKET,Microsoft.Storage/storageAccounts/blobServices/containers,2024-10-30T19:48:36Z
wiz-demo-auto-remidation-logging-bucket,arn:aws:s3:::wiz-demo-auto-remidation-logging-bucket,wiz-demo-auto-remidation-logging-bucket,AWS,AWS Demo1,984186218765,"ACME corp,AWS demo,Acme,Acme AWS App,Acme Prod App,EBC_Labs",us-east-1,{},BUCKET,bucket,2024-10-30T18:30:40Z
shachar-test-bucket-3,ocid1.bucket.oc1.iad.aaaaaaaalescnern7aufwvgn6efaoutdgsp7dpkizkfy4t6cwksnlz44dgea,ocid1.bucket.oc1.iad.aaaaaaaalescnern7aufwvgn6efaoutdgsp7dpkizkfy4t6cwksnlz44dgea,OCI,playgroundwiz,ocid1.tenancy.oc1..aaaaaaaagigkayqhmlcvctybckug2tjwur5y64prmbvpdzsnwxjqu6noxm2a,"Acme,Acme Oracle App,OCI demo,Wiz Factory Prod,Wiz Inc,Wiz Prod",us-ashburn-1,"{""Oracle-Tags.CreatedBy"": ""okta/shachar.horvitz@wiz.io"", ""Oracle-Tags.CreatedOn"": ""2024-05-09T16:12:00.644Z""}",BUCKET,oci#objectStorageBucket,2024-10-30T19:04:07Z
wiz-attack-simulation-sfmsmm4imv,arn:aws:s3:::wiz-attack-simulation-sfmsmm4imv,wiz-attack-simulation-sfmsmm4imv,AWS,AWS Demo1,984186218765,"ACME corp,AWS demo,Acme,Acme AWS App,Acme Prod App,EBC_Labs",us-east-1,{},BUCKET,bucket,2024-10-30T18:30:40Z
function-releases,/subscriptions/fee3535b-9616-486f-a476-6a500a08a02b/resourcegroups/defaultresourcegroup-eus2/providers/microsoft.storage/storageaccounts/defaultresourcegrou96f4/blobservices/default/containers/function-releases,/subscriptions/fee3535b-9616-486f-a476-6a500a08a02b/resourcegroups/defaultresourcegroup-eus2/providers/microsoft.storage/storageaccounts/defaultresourcegrou96f4/blobservices/default/containers/function-releases,Azure,Wiz - Demo-Scenarios,fee3535b-9616-486f-a476-6a500a08a02b,"ACME corp,Acme,Acme Azure App,App A,Azure: Wiz-Demo-Scenarios,EBC_Labs,Payment Apps,Wiz Factory Prod,Wiz Inc,Wiz Prod",eastus2,"{""owner"": ""danny""}",BUCKET,Microsoft.Storage/storageAccounts/blobServices/containers,2024-10-30T19:48:52Z
IdoTest,ocid1.bucket.oc1.iad.aaaaaaaacvpshmau3iwwgiwzjpt34wrgi3lsm56dpsryymsqspcd46nels3q,ocid1.bucket.oc1.iad.aaaaaaaacvpshmau3iwwgiwzjpt34wrgi3lsm56dpsryymsqspcd46nels3q,OCI,playgroundwiz,ocid1.tenancy.oc1..aaaaaaaagigkayqhmlcvctybckug2tjwur5y64prmbvpdzsnwxjqu6noxm2a,"Acme,Acme Oracle App,OCI demo,Wiz Factory Prod,Wiz Inc,Wiz Prod",us-ashburn-1,"{""noam-test.key1"": ""1"", ""noam-test.key2"": ""1"", ""Oracle-Tags.CreatedBy"": ""okta/ido.yacovhai@wiz.io"", ""Oracle-Tags.CreatedOn"": ""2021-12-19T16:30:27.975Z""}",BUCKET,oci#objectStorageBucket,2024-10-30T19:04:06Z
models-training-backup,arn:aws:s3:::models-training-backup,models-training-backup,AWS,AWS Demo Scenarios 2,001791986277,"AWS demo,Acme,Acme AWS App,EBC_Labs,Wiz Dev,Wiz Factory Dev,Wiz Inc",us-east-2,{},BUCKET,bucket,2024-10-30T20:05:15Z
audit-log,ocid1.bucket.oc1.iad.aaaaaaaabqaybjw2fz62a6rbyud3yhj6pyrjqc2og5aed5nf7evbdxjpuwuq,ocid1.bucket.oc1.iad.aaaaaaaabqaybjw2fz62a6rbyud3yhj6pyrjqc2og5aed5nf7evbdxjpuwuq,OCI,playgroundwiz,ocid1.tenancy.oc1..aaaaaaaagigkayqhmlcvctybckug2tjwur5y64prmbvpdzsnwxjqu6noxm2a,"Acme,Acme Oracle App,OCI demo,Wiz Factory Prod,Wiz Inc,Wiz Prod",us-ashburn-1,"{""Oracle-Tags.CreatedBy"": ""okta/noam.soloveichik@wiz.io"", ""Oracle-Tags.CreatedOn"": ""2024-04-21T16:01:32.823Z""}",BUCKET,oci#objectStorageBucket,2024-10-30T19:04:06Z
wiz-outpost-for-demo-env-bucket,ocid1.bucket.oc1.iad.aaaaaaaab5fpc45ca2ho2xb7vatbkq7sunos5qsduzx2dji3ieze7lrkhr7q,ocid1.bucket.oc1.iad.aaaaaaaab5fpc45ca2ho2xb7vatbkq7sunos5qsduzx2dji3ieze7lrkhr7q,OCI,wiz-outpost-for-demo-env,ocid1.compartment.oc1..aaaaaaaazsaktx4jmu4aoj5ld7lxfo3gq2x67w2cxlgot6iuvhg76hoqsjka,"Acme,Acme Oracle App,OCI demo",us-ashburn-1,"{""Oracle-Tags.CreatedBy"": ""okta/oron.noah@wiz.io"", ""Oracle-Tags.CreatedOn"": ""2022-02-28T13:49:17.949Z""}",BUCKET,oci#objectStorageBucket,2024-10-30T19:04:00Z
cf-templates-1n9jxzo36futl-eu-central-1,arn:aws:s3:::cf-templates-1n9jxzo36futl-eu-central-1,cf-templates-1n9jxzo36futl-eu-central-1,AWS,AWS Demo1,984186218765,"ACME corp,AWS demo,Acme,Acme AWS App,Acme Prod App,EBC_Labs",eu-central-1,{},BUCKET,bucket,2024-10-30T18:30:35Z
yossi-wiz-outpost-bucket,ocid1.bucket.oc1.iad.aaaaaaaary3d5rt2s6d3oc3bhju5r2izkdnmrdmhj5skkwtm67xkpfajggva,ocid1.bucket.oc1.iad.aaaaaaaary3d5rt2s6d3oc3bhju5r2izkdnmrdmhj5skkwtm67xkpfajggva,OCI,yossi-wiz-outpost,ocid1.compartment.oc1..aaaaaaaanwbzyybv54lw7btuhb3xvxx4gwtjztp4ri6m5iaaakxe55co5kpa,"Acme,Acme Oracle App,OCI demo",us-ashburn-1,"{""Oracle-Tags.CreatedBy"": ""okta/yossi.marzuk@wiz.io"", ""Oracle-Tags.CreatedOn"": ""2022-02-17T14:05:29.039Z""}",BUCKET,oci#objectStorageBucket,2024-10-30T19:04:28Z
wiz-outpost-gitops-state-bucket-b201e730,arn:aws:s3:::wiz-outpost-gitops-state-bucket-b201e730,wiz-outpost-gitops-state-bucket-b201e730,AWS,AWS Demo1,984186218765,"ACME corp,AWS demo,Acme,Acme AWS App,Acme Prod App,EBC_Labs",us-west-1,"{""aws:cloudformation:stack-id"": ""arn:aws:cloudformation:us-west-1:984186218765:stack/outposttagsmaayan/b201e730-899e-11ec-8b32-062dc1a4e651"", ""aws:cloudformation:logical-id"": ""StateBucket"", ""aws:cloudformation:stack-name"": ""outposttagsmaayan""}",BUCKET,bucket,2024-10-30T18:30:42Z
etra-bucket3,arn:aws:s3:::etra-bucket3,etra-bucket3,AWS,AWS Demo1,984186218765,"ACME corp,AWS demo,Acme,Acme AWS App,Acme Prod App,EBC_Labs",us-east-2,{},BUCKET,bucket,2024-10-30T18:30:37Z
exposed-data-bucket,arn:aws:s3:::exposed-data-bucket,exposed-data-bucket,AWS,AWS Demo1,984186218765,"ACME corp,AWS demo,Acme,Acme AWS App,Acme Prod App,EBC_Labs",us-west-2,"{""Sensitive_Data"": ""True""}",BUCKET,bucket,2024-10-30T18:30:38Z
noam-franfurt-bucket,ocid1.bucket.oc1.eu-frankfurt-1.aaaaaaaae7vv44fkiiqygig77xq3pbh2shjq5dkm7opugcb2ppkzcudqii3q,ocid1.bucket.oc1.eu-frankfurt-1.aaaaaaaae7vv44fkiiqygig77xq3pbh2shjq5dkm7opugcb2ppkzcudqii3q,OCI,playgroundwiz,ocid1.tenancy.oc1..aaaaaaaagigkayqhmlcvctybckug2tjwur5y64prmbvpdzsnwxjqu6noxm2a,"Acme,Acme Oracle App,OCI demo,Wiz Factory Prod,Wiz Inc,Wiz Prod",eu-frankfurt-1,"{""Oracle-Tags.CreatedBy"": ""okta/noam.soloveichik@wiz.io"", ""Oracle-Tags.CreatedOn"": ""2024-04-21T08:30:10.398Z""}",BUCKET,oci#objectStorageBucket,2024-10-30T19:04:06Z
company-logos-v2,arn:aws:s3:::company-logos-v2,company-logos-v2,AWS,AWS Demo1,984186218765,"ACME corp,AWS demo,Acme,Acme AWS App,Acme Prod App,EBC_Labs",eu-central-1,{},BUCKET,bucket,2024-10-30T18:30:36Z
demo_wiz_bucket,https://www.googleapis.com/storage/v1/b/demo_wiz_bucket,gs://demo_wiz_bucket,GCP,Demo-project,round-kit-289318,"App A,GCP Subscription Project ,Google Workspace _GCP Org Demo",eu,{},BUCKET,storage#bucket,2024-10-30T19:29:21Z
meta,/subscriptions/fee3535b-9616-486f-a476-6a500a08a02b/resourcegroups/databricks-rg-bapp-databricks-x62ehalvq25pe/providers/microsoft.storage/storageaccounts/dbstoragelfxyom7rocgjo/blobservices/default/containers/meta,/subscriptions/fee3535b-9616-486f-a476-6a500a08a02b/resourcegroups/databricks-rg-bapp-databricks-x62ehalvq25pe/providers/microsoft.storage/storageaccounts/dbstoragelfxyom7rocgjo/blobservices/default/containers/meta,Azure,Wiz - Demo-Scenarios,fee3535b-9616-486f-a476-6a500a08a02b,"ACME corp,Acme,Acme Azure App,App A,Azure: Wiz-Demo-Scenarios,EBC_Labs,Junior Dev project,Payment Apps,Wiz Factory Prod,Wiz Inc,Wiz Prod",eastus,"{""Owner"": ""JD"", ""application"": ""databricks"", ""databricks-environment"": ""true""}",BUCKET,Microsoft.Storage/storageAccounts/blobServices/containers,2024-10-30T19:48:36Z
oci-logs._flowlogs.ocid1.compartment.oc1..aaaaaaaajxhzbkv4c3miizugi4nai6tyuhj47ui4douwix2p6aippveuveqa,ocid1.bucket.oc1.iad.aaaaaaaaavzw3tkszkj7dq6bljntvsrd7vnygzy7c52bcxmygpausjwbespq,ocid1.bucket.oc1.iad.aaaaaaaaavzw3tkszkj7dq6bljntvsrd7vnygzy7c52bcxmygpausjwbespq,OCI,comp1_1_1,ocid1.compartment.oc1..aaaaaaaajxhzbkv4c3miizugi4nai6tyuhj47ui4douwix2p6aippveuveqa,"Acme,Acme Oracle App,OCI demo",us-ashburn-1,"{""Oracle-Tags.CreatedBy"": ""logging"", ""Oracle-Tags.CreatedOn"": ""2022-01-02T09:35:05.414Z""}",BUCKET,oci#objectStorageBucket,2024-10-30T19:03:12Z
accesslogbucketccr,arn:aws:s3:::accesslogbucketccr,accesslogbucketccr,AWS,AWS Demo1,984186218765,"ACME corp,AWS demo,Acme,Acme AWS App,Acme Prod App,EBC_Labs",us-east-1,"{""wizRemediationLastUpdatedUTC"": ""25/07/2024 11:30:34 UTC""}",BUCKET,bucket,2024-10-30T18:30:35Z
config-bucket-984186218765,arn:aws:s3:::config-bucket-984186218765,config-bucket-984186218765,AWS,AWS Demo1,984186218765,"ACME corp,AWS demo,Acme,Acme AWS App,Acme Prod App,EBC_Labs",eu-central-1,{},BUCKET,bucket,2024-10-30T18:30:36Z
abucketaccesslogs,arn:aws:s3:::abucketaccesslogs,abucketaccesslogs,AWS,AWS Demo1,984186218765,"ACME corp,AWS demo,Acme,Acme AWS App,Acme Prod App,EBC_Labs",us-east-1,{},BUCKET,bucket,2024-10-30T18:30:35Z
demo1-tf-state,arn:aws:s3:::demo1-tf-state,demo1-tf-state,AWS,AWS Demo1,984186218765,"ACME corp,AWS demo,Acme,Acme AWS App,Acme Prod App,EBC_Labs",us-west-1,"{""Name"": ""demo1-tf-state"", ""Maintainer"": ""Yossi""}",BUCKET,bucket,2024-10-30T18:30:38Z
bucket-with-cmk,ocid1.bucket.oc1.iad.aaaaaaaabyy3yesdjvkx63gnpktqaznb6ilx5xl77v5sjpnjkxjx4i5ftizq,ocid1.bucket.oc1.iad.aaaaaaaabyy3yesdjvkx63gnpktqaznb6ilx5xl77v5sjpnjkxjx4i5ftizq,OCI,playgroundwiz,ocid1.tenancy.oc1..aaaaaaaagigkayqhmlcvctybckug2tjwur5y64prmbvpdzsnwxjqu6noxm2a,"Acme,Acme Oracle App,OCI demo,Wiz Factory Prod,Wiz Inc,Wiz Prod",us-ashburn-1,"{""Oracle-Tags.CreatedBy"": ""elad.gabay@wiz.io"", ""Oracle-Tags.CreatedOn"": ""2022-01-10T16:00:31.223Z""}",BUCKET,oci#objectStorageBucket,2024-10-30T19:04:07Z
lior-demo-14-bucket,arn:aws:s3:::lior-demo-14-bucket,lior-demo-14-bucket,AWS,AWS Demo1,984186218765,"ACME corp,AWS demo,Acme,Acme AWS App,Acme Prod App,EBC_Labs",us-east-1,"{""wizRemediationLastUpdatedUTC"": ""15/08/2024 17:29:46 UTC""}",BUCKET,bucket,2024-10-30T18:30:39Z
wiz-outpost-gitops-state-bucket-ad207b30,arn:aws:s3:::wiz-outpost-gitops-state-bucket-ad207b30,wiz-outpost-gitops-state-bucket-ad207b30,AWS,AWS Demo Scenarios 2,001791986277,"AWS demo,Acme,Acme AWS App,EBC_Labs,Wiz Dev,Wiz Factory Dev,Wiz Inc",us-east-1,"{""aws:cloudformation:stack-id"": ""arn:aws:cloudformation:us-east-1:001791986277:stack/Wiz-Outpost/ad207b30-e4ea-11ec-a0ad-1284bc52fbd1"", ""aws:cloudformation:logical-id"": ""StateBucket"", ""aws:cloudformation:stack-name"": ""Wiz-Outpost""}",BUCKET,bucket,2024-10-30T20:05:16Z
sensitive-storage-test,https://www.googleapis.com/storage/v1/b/sensitive-storage-test,gs://sensitive-storage-test,GCP,ACME-PROD-ENV,acme-prod-env,"ACME corp,Acme,Acme GCP App,App A,EBC_Labs,GCP Demo,GCP Subscription Project ,Google Workspace _GCP Org Demo,Wiz Factory Prod,Wiz Inc,Wiz Prod",us,{},BUCKET,storage#bucket,2024-10-30T19:25:41Z
sagemaker-studio-984186218765-8euyonvb0t,arn:aws:s3:::sagemaker-studio-984186218765-8euyonvb0t,sagemaker-studio-984186218765-8euyonvb0t,AWS,AWS Demo1,984186218765,"ACME corp,AWS demo,Acme,Acme AWS App,Acme Prod App,EBC_Labs",us-east-2,{},BUCKET,bucket,2024-10-30T18:30:39Z
rainbow-table-samples,arn:aws:s3:::rainbow-table-samples,rainbow-table-samples,AWS,AWS Demo1,984186218765,"ACME corp,AWS demo,Acme,Acme AWS App,Acme Prod App,EBC_Labs",eu-central-1,{},BUCKET,bucket,2024-10-30T18:30:38Z
shifer-secrets,arn:aws:s3:::shifer-secrets,shifer-secrets,AWS,AWS Demo1,984186218765,"ACME corp,AWS demo,Acme,Acme AWS App,Acme Prod App,EBC_Labs",us-east-1,"{""wizRemediationLastUpdatedUTC"": ""01/07/2024 11:35:24 UTC""}",BUCKET,bucket,2024-10-30T18:30:39Z
frank2,ocid1.bucket.oc1.eu-frankfurt-1.aaaaaaaa2dv46wv2adrmu5z3zbevxxnvz2ls3gsrwwwpcv466ds2thwmtffa,ocid1.bucket.oc1.eu-frankfurt-1.aaaaaaaa2dv46wv2adrmu5z3zbevxxnvz2ls3gsrwwwpcv466ds2thwmtffa,OCI,playgroundwiz,ocid1.tenancy.oc1..aaaaaaaagigkayqhmlcvctybckug2tjwur5y64prmbvpdzsnwxjqu6noxm2a,"Acme,Acme Oracle App,OCI demo,Wiz Factory Prod,Wiz Inc,Wiz Prod",eu-frankfurt-1,"{""Oracle-Tags.CreatedBy"": ""okta/michael.aminov@wiz.io"", ""Oracle-Tags.CreatedOn"": ""2024-07-30T06:18:37.947Z""}",BUCKET,oci#objectStorageBucket,2024-10-30T19:04:06Z
wiz-outpost-bucket-gitops,ocid1.bucket.oc1.iad.aaaaaaaay44ejlp5uee3jcluowhkjkftdhp4a632odztjibhr47r26u3cfcq,ocid1.bucket.oc1.iad.aaaaaaaay44ejlp5uee3jcluowhkjkftdhp4a632odztjibhr47r26u3cfcq,OCI,wiz-outpost,ocid1.compartment.oc1..aaaaaaaa5upwppm6o2j5pmbflhjmfe5ghufcwfu4a2llicdkg52frhznjyba,"Acme,Acme Oracle App,OCI demo,Wiz Factory Prod,Wiz Inc,Wiz Prod",us-ashburn-1,"{""Oracle-Tags.CreatedBy"": ""elad.gabay@wiz.io"", ""Oracle-Tags.CreatedOn"": ""2021-12-20T10:31:29.026Z""}",BUCKET,oci#objectStorageBucket,2024-10-30T19:03:20Z
azure-webjobs-hosts,/subscriptions/fee3535b-9616-486f-a476-6a500a08a02b/resourcegroups/defaultresourcegroup-eus2/providers/microsoft.storage/storageaccounts/defaultresourcegrou96f4/blobservices/default/containers/azure-webjobs-hosts,/subscriptions/fee3535b-9616-486f-a476-6a500a08a02b/resourcegroups/defaultresourcegroup-eus2/providers/microsoft.storage/storageaccounts/defaultresourcegrou96f4/blobservices/default/containers/azure-webjobs-hosts,Azure,Wiz - Demo-Scenarios,fee3535b-9616-486f-a476-6a500a08a02b,"ACME corp,Acme,Acme Azure App,App A,Azure: Wiz-Demo-Scenarios,EBC_Labs,Payment Apps,Wiz Factory Prod,Wiz Inc,Wiz Prod",eastus2,"{""owner"": ""danny""}",BUCKET,Microsoft.Storage/storageAccounts/blobServices/containers,2024-10-30T19:48:52Z
sagemaker-us-east-1-001791986277,arn:aws:s3:::sagemaker-us-east-1-001791986277,sagemaker-us-east-1-001791986277,AWS,AWS Demo Scenarios 2,001791986277,"AWS demo,Acme,Acme AWS App,EBC_Labs,Wiz Dev,Wiz Factory Dev,Wiz Inc",us-east-1,{},BUCKET,bucket,2024-10-30T20:05:15Z
azure-webjobs-secrets,/subscriptions/fee3535b-9616-486f-a476-6a500a08a02b/resourcegroups/myresourcegroup/providers/microsoft.storage/storageaccounts/storageaccountmyresb246/blobservices/default/containers/azure-webjobs-secrets,/subscriptions/fee3535b-9616-486f-a476-6a500a08a02b/resourcegroups/myresourcegroup/providers/microsoft.storage/storageaccounts/storageaccountmyresb246/blobservices/default/containers/azure-webjobs-secrets,Azure,Wiz - Demo-Scenarios,fee3535b-9616-486f-a476-6a500a08a02b,"ACME corp,Acme,Acme Azure App,App A,Azure: Wiz-Demo-Scenarios,EBC_Labs,Payment Apps,Wiz Factory Prod,Wiz Inc,Wiz Prod",centralus,{},BUCKET,Microsoft.Storage/storageAccounts/blobServices/containers,2024-10-30T19:49:04Z
aws-glue-assets-984186218765-eu-central-1,arn:aws:s3:::aws-glue-assets-984186218765-eu-central-1,aws-glue-assets-984186218765-eu-central-1,AWS,AWS Demo1,984186218765,"ACME corp,AWS demo,Acme,Acme AWS App,Acme Prod App,EBC_Labs",eu-central-1,"{""wizRemediationLastUpdatedUTC"": ""08/08/2024 07:53:07 UTC""}",BUCKET,bucket,2024-10-30T18:30:35Z
testo-14,arn:aws:s3:::testo-14,testo-14,AWS,AWS Demo1,984186218765,"ACME corp,AWS demo,Acme,Acme AWS App,Acme Prod App,EBC_Labs",eu-central-1,"{""wizRemediationLastUpdatedUTC"": ""24/07/2024 07:53:30 UTC""}",BUCKET,bucket,2024-10-30T18:30:39Z
mycontainer,arn:aws:mediastore:us-east-1:001791986277:container/mycontainer,arn:aws:mediastore:us-east-1:001791986277:container/mycontainer,AWS,AWS Demo Scenarios 2,001791986277,"AWS demo,Acme,Acme AWS App,EBC_Labs,Wiz Dev,Wiz Factory Dev,Wiz Inc",us-east-1,{},BUCKET,mediastore#container,2024-10-30T20:05:01Z
newbucket-lior,arn:aws:s3:::newbucket-lior,newbucket-lior,AWS,AWS Demo1,984186218765,"ACME corp,AWS demo,Acme,Acme AWS App,Acme Prod App,EBC_Labs",us-east-1,{},BUCKET,bucket,2024-10-30T18:30:39Z
azure-webjobs-hosts,/subscriptions/fee3535b-9616-486f-a476-6a500a08a02b/resourcegroups/myresourcegroup/providers/microsoft.storage/storageaccounts/storageaccountmyresb246/blobservices/default/containers/azure-webjobs-hosts,/subscriptions/fee3535b-9616-486f-a476-6a500a08a02b/resourcegroups/myresourcegroup/providers/microsoft.storage/storageaccounts/storageaccountmyresb246/blobservices/default/containers/azure-webjobs-hosts,Azure,Wiz - Demo-Scenarios,fee3535b-9616-486f-a476-6a500a08a02b,"ACME corp,Acme,Acme Azure App,App A,Azure: Wiz-Demo-Scenarios,EBC_Labs,Payment Apps,Wiz Factory Prod,Wiz Inc,Wiz Prod",centralus,{},BUCKET,Microsoft.Storage/storageAccounts/blobServices/containers,2024-10-30T19:49:04Z
cf-templates-ms8zfpb3xoa0-eu-central-1,arn:aws:s3:::cf-templates-ms8zfpb3xoa0-eu-central-1,cf-templates-ms8zfpb3xoa0-eu-central-1,AWS,AWS Demo Scenarios 2,001791986277,"AWS demo,Acme,Acme AWS App,EBC_Labs,Wiz Dev,Wiz Factory Dev,Wiz Inc",eu-central-1,{},BUCKET,bucket,2024-10-30T20:05:13Z
jd1133,/subscriptions/fee3535b-9616-486f-a476-6a500a08a02b/resourcegroups/developer-prod/providers/microsoft.storage/storageaccounts/jdtest1133/blobservices/default/containers/jd1133,/subscriptions/fee3535b-9616-486f-a476-6a500a08a02b/resourcegroups/developer-prod/providers/microsoft.storage/storageaccounts/jdtest1133/blobservices/default/containers/jd1133,Azure,Wiz - Demo-Scenarios,fee3535b-9616-486f-a476-6a500a08a02b,"ACME corp,Acme,Acme Azure App,App A,Azure: Wiz-Demo-Scenarios,EBC_Labs,Payment Apps,Wiz Factory Prod,Wiz Inc,Wiz Prod",westeurope,{},BUCKET,Microsoft.Storage/storageAccounts/blobServices/containers,2024-10-30T19:48:59Z
wiz-sensor-attack-simulation,arn:aws:s3:::wiz-sensor-attack-simulation,wiz-sensor-attack-simulation,AWS,AWS Demo Scenarios 2,001791986277,"AWS demo,Acme,Acme AWS App,EBC_Labs,Wiz Dev,Wiz Factory Dev,Wiz Inc",us-east-1,"{""Owners"": ""WizSensorResearchTeam-OrenOfer-ItamarGilad-AlonSchindel"", ""DoNotDelete"": ""true"", ""CustomerFacing"": ""true""}",BUCKET,bucket,2024-10-30T20:05:16Z
eliran-test-bucket-123,arn:aws:s3:::eliran-test-bucket-123,eliran-test-bucket-123,AWS,AWS Demo Scenarios 2,001791986277,"AWS demo,Acme,Acme AWS App,EBC_Labs,Wiz Dev,Wiz Factory Dev,Wiz Inc",eu-west-1,{},BUCKET,bucket,2024-10-30T20:05:13Z
rtu-demo-terraform-state,https://www.googleapis.com/storage/v1/b/rtu-demo-terraform-state,gs://rtu-demo-terraform-state,GCP,ACME-PROD-ENV,acme-prod-env,"ACME corp,Acme,Acme GCP App,App A,EBC_Labs,GCP Demo,GCP Subscription Project ,Google Workspace _GCP Org Demo,Wiz Factory Prod,Wiz Inc,Wiz Prod",us,"{""owner"": ""jd""}",BUCKET,storage#bucket,2024-10-30T19:25:40Z
frompodimds3,arn:aws:s3:::frompodimds3,frompodimds3,AWS,AWS Demo1,984186218765,"ACME corp,AWS demo,Acme,Acme AWS App,Acme Prod App,EBC_Labs",us-east-1,{},BUCKET,bucket,2024-10-30T18:30:38Z
bucket-20240522-130111,ocid1.bucket.oc1.iad.aaaaaaaa2qyy3fvz422unyypbox2hyokeq6b7qmczisi56q4e2uuhd5o7ora,ocid1.bucket.oc1.iad.aaaaaaaa2qyy3fvz422unyypbox2hyokeq6b7qmczisi56q4e2uuhd5o7ora,OCI,aminov,ocid1.compartment.oc1..aaaaaaaakdwckvimekkhloq5sohoupn2gjv46ipxyjui4flr4smfjwfyrp6q,"Acme,Acme Oracle App,OCI demo",us-ashburn-1,"{""Oracle-Tags.CreatedBy"": ""okta/michael.aminov@wiz.io"", ""Oracle-Tags.CreatedOn"": ""2024-05-22T10:01:38.411Z""}",BUCKET,oci#objectStorageBucket,2024-10-30T19:04:10Z
stage.acmewebsite.com,arn:aws:s3:::stage.acmewebsite.com,stage.acmewebsite.com,AWS,AWS Demo1,984186218765,"ACME corp,AWS demo,Acme,Acme AWS App,Acme Prod App,EBC_Labs",eu-central-1,{},BUCKET,bucket,2024-10-30T18:30:38Z
azure-webjobs-secrets,/subscriptions/fee3535b-9616-486f-a476-6a500a08a02b/resourcegroups/defaultresourcegroup-eus2/providers/microsoft.storage/storageaccounts/defaultresourcegrou96f4/blobservices/default/containers/azure-webjobs-secrets,/subscriptions/fee3535b-9616-486f-a476-6a500a08a02b/resourcegroups/defaultresourcegroup-eus2/providers/microsoft.storage/storageaccounts/defaultresourcegrou96f4/blobservices/default/containers/azure-webjobs-secrets,Azure,Wiz - Demo-Scenarios,fee3535b-9616-486f-a476-6a500a08a02b,"ACME corp,Acme,Acme Azure App,App A,Azure: Wiz-Demo-Scenarios,EBC_Labs,Payment Apps,Wiz Factory Prod,Wiz Inc,Wiz Prod",eastus2,"{""owner"": ""danny""}",BUCKET,Microsoft.Storage/storageAccounts/blobServices/containers,2024-10-30T19:48:52Z
bucketlogsaccesselb,arn:aws:s3:::bucketlogsaccesselb,bucketlogsaccesselb,AWS,AWS Demo1,984186218765,"ACME corp,AWS demo,Acme,Acme AWS App,Acme Prod App,EBC_Labs",us-east-1,"{""wizRemediationLastUpdatedUTC"": ""23/05/2024 17:20:08 UTC""}",BUCKET,bucket,2024-10-30T18:30:36Z
aws-cloudtrail-logs-984186218765-8cc6be65,arn:aws:s3:::aws-cloudtrail-logs-984186218765-8cc6be65,aws-cloudtrail-logs-984186218765-8cc6be65,AWS,AWS Demo1,984186218765,"ACME corp,AWS demo,Acme,Acme AWS App,Acme Prod App,EBC_Labs",us-east-2,"{""wizRemediationLastUpdatedUTC"": ""02/07/2024 13:43:11 UTC""}",BUCKET,bucket,2024-10-30T18:30:36Z
demoresources,/subscriptions/fee3535b-9616-486f-a476-6a500a08a02b/resourcegroups/demoresources-shared-rg-01/providers/microsoft.storage/storageaccounts/demoresourcesyzjz/blobservices/default/containers/demoresources,/subscriptions/fee3535b-9616-486f-a476-6a500a08a02b/resourcegroups/demoresources-shared-rg-01/providers/microsoft.storage/storageaccounts/demoresourcesyzjz/blobservices/default/containers/demoresources,Azure,Wiz - Demo-Scenarios,fee3535b-9616-486f-a476-6a500a08a02b,"ACME corp,Acme,Acme Azure App,App A,Azure: Wiz-Demo-Scenarios,EBC_Labs,Payment Apps,Wiz Factory Prod,Wiz Inc,Wiz Prod",eastus,"{""Owner"": ""DemoTeam""}",BUCKET,Microsoft.Storage/storageAccounts/blobServices/containers,2024-10-30T19:48:36Z
hosted-results-wz13p,arn:aws:s3:::hosted-results-wz13p,hosted-results-wz13p,AWS,AWS Demo1,984186218765,"ACME corp,AWS demo,Acme,Acme AWS App,Acme Prod App,EBC_Labs",us-east-2,{},BUCKET,bucket,2024-10-30T18:30:38Z
wiz-cassandra-s3,arn:aws:s3:::wiz-cassandra-s3,wiz-cassandra-s3,AWS,AWS Demo1,984186218765,"ACME corp,AWS demo,Acme,Acme AWS App,Acme Prod App,EBC_Labs",us-east-1,{},BUCKET,bucket,2024-10-30T18:30:40Z
azure-webjobs-secrets,/subscriptions/fee3535b-9616-486f-a476-6a500a08a02b/resourcegroups/us2eastrg/providers/microsoft.storage/storageaccounts/storageaccountus2eab2da/blobservices/default/containers/azure-webjobs-secrets,/subscriptions/fee3535b-9616-486f-a476-6a500a08a02b/resourcegroups/us2eastrg/providers/microsoft.storage/storageaccounts/storageaccountus2eab2da/blobservices/default/containers/azure-webjobs-secrets,Azure,Wiz - Demo-Scenarios,fee3535b-9616-486f-a476-6a500a08a02b,"ACME corp,Acme,Acme Azure App,App A,Azure: Wiz-Demo-Scenarios,EBC_Labs,Payment Apps,Wiz Factory Prod,Wiz Inc,Wiz Prod",eastus2,{},BUCKET,Microsoft.Storage/storageAccounts/blobServices/containers,2024-10-30T19:48:55Z
europe-team-photos,arn:aws:s3:::europe-team-photos,europe-team-photos,AWS,AWS Demo Scenarios 2,001791986277,"AWS demo,Acme,Acme AWS App,EBC_Labs,Wiz Dev,Wiz Factory Dev,Wiz Inc",us-east-2,"{""itayTest"": """"}",BUCKET,bucket,2024-10-30T20:05:14Z
wiz-demo-atlantis,https://www.googleapis.com/storage/v1/b/wiz-demo-atlantis,gs://wiz-demo-atlantis,GCP,ACME-PROD-ENV,acme-prod-env,"ACME corp,Acme,Acme GCP App,App A,EBC_Labs,GCP Demo,GCP Subscription Project ,Google Workspace _GCP Org Demo,Wiz Factory Prod,Wiz Inc,Wiz Prod",us,{},BUCKET,storage#bucket,2024-10-30T19:25:43Z
acme-prod-env-migration-artifacts,https://www.googleapis.com/storage/v1/b/acme-prod-env-migration-artifacts,gs://acme-prod-env-migration-artifacts,GCP,ACME-PROD-ENV,acme-prod-env,"ACME corp,Acme,Acme GCP App,App A,EBC_Labs,GCP Demo,GCP Subscription Project ,Google Workspace _GCP Org Demo,Wiz Factory Prod,Wiz Inc,Wiz Prod",us,{},BUCKET,storage#bucket,2024-10-30T19:25:38Z
ai-dataset-for-training,arn:aws:s3:::ai-dataset-for-training,ai-dataset-for-training,AWS,AWS Demo Scenarios 2,001791986277,"AWS demo,Acme,Acme AWS App,EBC_Labs,Wiz Dev,Wiz Factory Dev,Wiz Inc",us-east-2,{},BUCKET,bucket,2024-10-30T20:05:13Z
cf-templates-1n9jxzo36futl-us-west-1,arn:aws:s3:::cf-templates-1n9jxzo36futl-us-west-1,cf-templates-1n9jxzo36futl-us-west-1,AWS,AWS Demo1,984186218765,"ACME corp,AWS demo,Acme,Acme AWS App,Acme Prod App,EBC_Labs",us-west-1,{},BUCKET,bucket,2024-10-30T18:30:38Z
xz-utils-scenario-dbstaging-o22tdqivcb7m,arn:aws:s3:::xz-utils-scenario-dbstaging-o22tdqivcb7m,xz-utils-scenario-dbstaging-o22tdqivcb7m,AWS,AWS Demo Scenarios 2,001791986277,"AWS demo,Acme,Acme AWS App,EBC_Labs,Wiz Dev,Wiz Factory Dev,Wiz Inc",us-east-2,"{""Owner"": ""tcc-labs@wiz.io"", ""Source"": ""-"", ""CostCenter"": ""-"", ""Managed_by"": ""Cloudformation"", ""Application"": ""XZ_Utils_scenerio"", ""aws:cloudformation:stack-id"": ""arn:aws:cloudformation:us-east-2:001791986277:stack/XZ-Utils-scenario/80323e70-f9b4-11ee-af95-063fed40096d"", ""aws:cloudformation:logical-id"": ""dbstaging"", ""aws:cloudformation:stack-name"": ""XZ-Utils-scenario""}",BUCKET,bucket,2024-10-30T20:05:16Z
bootdiagnostics-clusterkr-ce45fb6a-2780-462a-85f0-0b6c3a29353b,/subscriptions/fee3535b-9616-486f-a476-6a500a08a02b/resourcegroups/aro-b6ppqb26/providers/microsoft.storage/storageaccounts/clustercws42/blobservices/default/containers/bootdiagnostics-clusterkr-ce45fb6a-2780-462a-85f0-0b6c3a29353b,/subscriptions/fee3535b-9616-486f-a476-6a500a08a02b/resourcegroups/aro-b6ppqb26/providers/microsoft.storage/storageaccounts/clustercws42/blobservices/default/containers/bootdiagnostics-clusterkr-ce45fb6a-2780-462a-85f0-0b6c3a29353b,Azure,Wiz - Demo-Scenarios,fee3535b-9616-486f-a476-6a500a08a02b,"ACME corp,Acme,Acme Azure App,App A,Azure: Wiz-Demo-Scenarios,EBC_Labs,Payment Apps,Wiz Factory Prod,Wiz Inc,Wiz Prod",westeurope,{},BUCKET,Microsoft.Storage/storageAccounts/blobServices/containers,2024-10-30T19:48:52Z
dev-container,/subscriptions/fee3535b-9616-486f-a476-6a500a08a02b/resourcegroups/developer-prod/providers/microsoft.storage/storageaccounts/developerprodacc/blobservices/default/containers/dev-container,/subscriptions/fee3535b-9616-486f-a476-6a500a08a02b/resourcegroups/developer-prod/providers/microsoft.storage/storageaccounts/developerprodacc/blobservices/default/containers/dev-container,Azure,Wiz - Demo-Scenarios,fee3535b-9616-486f-a476-6a500a08a02b,"ACME corp,Acme,Acme Azure App,App A,Azure: Wiz-Demo-Scenarios,EBC_Labs,Payment Apps,Wiz Factory Prod,Wiz Inc,Wiz Prod",westeurope,{},BUCKET,Microsoft.Storage/storageAccounts/blobServices/containers,2024-10-30T19:48:56Z
wiz-outpost-oron-bucket,ocid1.bucket.oc1.iad.aaaaaaaaig6g3qpnwzv7bougssjb2ebyvvburoukam55aqdnp6l6wce6gzfq,ocid1.bucket.oc1.iad.aaaaaaaaig6g3qpnwzv7bougssjb2ebyvvburoukam55aqdnp6l6wce6gzfq,OCI,wiz-outpost-oron,ocid1.compartment.oc1..aaaaaaaaz5uzzbnpi7dehevcm5id4phdhbxkyj67bnuliwpbm3iwlugnhtuq,"Acme,Acme Oracle App,OCI demo",us-ashburn-1,"{""Oracle-Tags.CreatedBy"": ""okta/oron.noah@wiz.io"", ""Oracle-Tags.CreatedOn"": ""2022-02-14T12:43:35.019Z""}",BUCKET,oci#objectStorageBucket,2024-10-30T19:04:29Z
root,/subscriptions/fee3535b-9616-486f-a476-6a500a08a02b/resourcegroups/databricks-rg-bapp-databricks-x62ehalvq25pe/providers/microsoft.storage/storageaccounts/dbstoragelfxyom7rocgjo/blobservices/default/containers/root,/subscriptions/fee3535b-9616-486f-a476-6a500a08a02b/resourcegroups/databricks-rg-bapp-databricks-x62ehalvq25pe/providers/microsoft.storage/storageaccounts/dbstoragelfxyom7rocgjo/blobservices/default/containers/root,Azure,Wiz - Demo-Scenarios,fee3535b-9616-486f-a476-6a500a08a02b,"ACME corp,Acme,Acme Azure App,App A,Azure: Wiz-Demo-Scenarios,EBC_Labs,Junior Dev project,Payment Apps,Wiz Factory Prod,Wiz Inc,Wiz Prod",eastus,"{""Owner"": ""JD"", ""application"": ""databricks"", ""databricks-environment"": ""true""}",BUCKET,Microsoft.Storage/storageAccounts/blobServices/containers,2024-10-30T19:48:36Z
yossi-sm-wiz-outpost-bucket,ocid1.bucket.oc1.iad.aaaaaaaa3334g6bzi5ohnd5q73xuato27nw7ycxzcjasizmktjgnqx2t5h4q,ocid1.bucket.oc1.iad.aaaaaaaa3334g6bzi5ohnd5q73xuato27nw7ycxzcjasizmktjgnqx2t5h4q,OCI,yossi-sm-wiz-outpost,ocid1.compartment.oc1..aaaaaaaav3iunxq5glxyrndism3vxu46gjrayqqm5evwhmibrjhgoagb66fa,"Acme,Acme Oracle App,OCI demo",us-ashburn-1,"{""Oracle-Tags.CreatedBy"": ""okta/yossi.marzuk@wiz.io"", ""Oracle-Tags.CreatedOn"": ""2023-04-25T15:58:36.735Z""}",BUCKET,oci#objectStorageBucket,2024-10-30T19:04:28Z
lidortestr,arn:aws:s3:::lidortestr,lidortestr,AWS,AWS Demo1,984186218765,"ACME corp,AWS demo,Acme,Acme AWS App,Acme Prod App,EBC_Labs",eu-central-1,"{""wizRemediationLastUpdatedUTC"": ""06/06/2024 06:04:37 UTC""}",BUCKET,bucket,2024-10-30T18:30:37Z
wiz-outpost-for-demo-env-dont-delete-bucket,ocid1.bucket.oc1.iad.aaaaaaaape5roq5zpfpv2is3exgsnzm3zvbhretja5sntdu27wsrmvjjxd7a,ocid1.bucket.oc1.iad.aaaaaaaape5roq5zpfpv2is3exgsnzm3zvbhretja5sntdu27wsrmvjjxd7a,OCI,wiz-outpost-for-demo-env-dont-delete,ocid1.compartment.oc1..aaaaaaaagzeu4xuc2bqbne46fvdu2qolcphb2kzl37fywbgveumwgu5zyioq,"Acme,Acme Oracle App,OCI demo",us-ashburn-1,"{""Oracle-Tags.CreatedBy"": ""elad.gabay@wiz.io"", ""Oracle-Tags.CreatedOn"": ""2022-02-24T10:48:47.915Z""}",BUCKET,oci#objectStorageBucket,2024-10-30T19:04:28Z
michael-aminov-logs,ocid1.bucket.oc1.iad.aaaaaaaav2mq5jbytwmobxpac35dfkye46pxzyo2lpmqglbxzjejo2j354bq,ocid1.bucket.oc1.iad.aaaaaaaav2mq5jbytwmobxpac35dfkye46pxzyo2lpmqglbxzjejo2j354bq,OCI,aminov,ocid1.compartment.oc1..aaaaaaaakdwckvimekkhloq5sohoupn2gjv46ipxyjui4flr4smfjwfyrp6q,"Acme,Acme Oracle App,OCI demo",us-ashburn-1,"{""Oracle-Tags.CreatedBy"": ""okta/michael.aminov@wiz.io"", ""Oracle-Tags.CreatedOn"": ""2024-05-21T14:34:57.536Z""}",BUCKET,oci#objectStorageBucket,2024-10-30T19:04:10Z
lior-bucket-test,arn:aws:s3:::lior-bucket-test,lior-bucket-test,AWS,AWS Demo Scenarios 2,001791986277,"AWS demo,Acme,Acme AWS App,EBC_Labs,Wiz Dev,Wiz Factory Dev,Wiz Inc",us-east-1,{},BUCKET,bucket,2024-10-30T20:05:15Z
lorax-temp-bucket,arn:aws:s3:::lorax-temp-bucket,lorax-temp-bucket,AWS,AWS Demo Scenarios 2,001791986277,"AWS demo,Acme,Acme AWS App,EBC_Labs,Wiz Dev,Wiz Factory Dev,Wiz Inc",us-east-2,"{""DemoScenarios"": """"}",BUCKET,bucket,2024-10-30T20:05:15Z
kosdf-placement,arn:aws:s3:::kosdf-placement,kosdf-placement,AWS,AWS Demo1,984186218765,"ACME corp,AWS demo,Acme,Acme AWS App,Acme Prod App,EBC_Labs",eu-central-1,"{""PII"": """", ""Owner"": ""JD"", ""Sensitive Data"": """"}",BUCKET,bucket,2024-10-30T18:30:37Z
aws-glue-temporary-984186218765-us-east-2,arn:aws:s3:::aws-glue-temporary-984186218765-us-east-2,aws-glue-temporary-984186218765-us-east-2,AWS,AWS Demo1,984186218765,"ACME corp,AWS demo,Acme,Acme AWS App,Acme Prod App,EBC_Labs",us-east-2,{},BUCKET,bucket,2024-10-30T18:30:36Z
